{"stats":{"minecraft:killed_by":{"alexsmobs:snow_leopard":1},"minecraft:crafted":{"minecraft:crafting_table":1,"minecraft:spruce_planks":72,"minecraft:wooden_axe":2,"minecraft:chest":2},"minecraft:broken":{"minecraft:wooden_axe":1},"minecraft:custom":{"minecraft:time_since_rest":5002,"minecraft:interact_with_furnace":1,"minecraft:sprint_one_cm":50352,"minecraft:walk_one_cm":102645,"minecraft:damage_taken":220,"minecraft:mob_kills":9,"minecraft:drop":16,"minecraft:damage_dealt":1420,"minecraft:player_kills":1,"minecraft:interact_with_crafting_table":3,"minecraft:fly_one_cm":95354,"minecraft:open_chest":2,"minecraft:crouch_one_cm":370,"minecraft:play_time":27994,"tombstone:undead_killed":5,"minecraft:deaths":1,"minecraft:sneak_time":210,"minecraft:jump":263,"minecraft:leave_game":4,"minecraft:walk_on_water_one_cm":1212,"minecraft:time_since_death":5290,"minecraft:total_world_time":27994,"minecraft:fall_one_cm":6376},"minecraft:picked_up":{"minecraft:crafting_table":1,"minecraft:stick":6,"minecraft:spruce_stairs":2,"minecraft:spruce_fence":1,"minecraft:stripped_spruce_wood":6,"minecraft:stripped_spruce_log":3,"minecraft:spruce_sapling":3,"minecraft:white_bed":1,"minecraft:spruce_log":18,"minecraft:blue_carpet":1,"minecraft:blue_bed":1,"minecraft:dirt":8,"minecraft:rabbit_foot":1,"minecraft:rotten_flesh":3,"minecraft:spruce_planks":20,"minecraft:rabbit_hide":1,"minecraft:spruce_slab":4,"minecraft:rabbit":1},"minecraft:killed":{"minecraft:zombie":5,"minecraft:rabbit":1,"minecraft:spider":1,"alexsmobs:snow_leopard":1},"minecraft:dropped":{"minecraft:rabbit_hide":1,"minecraft:dirt":7,"minecraft:zombie_spawn_egg":1,"alexsmobs:animal_dictionary":1,"minecraft:rabbit":1,"minecraft:netherite_sword":1,"minecraft:rotten_flesh":3,"minecraft:rabbit_foot":1},"minecraft:used":{"minecraft:wooden_axe":57,"minecraft:netherite_sword":12,"minecraft:chest":2,"minecraft:spruce_planks":33,"minecraft:zombie_spawn_egg":5,"minecraft:blue_bed":1,"minecraft:crafting_table":1,"minecraft:white_bed":1,"alexsmobs:animal_dictionary":1,"minecraft:stripped_spruce_wood":3},"minecraft:mined":{"minecraft:blue_carpet":1,"minecraft:spruce_stairs":2,"minecraft:spruce_planks":9,"minecraft:white_bed":1,"minecraft:stripped_spruce_wood":1,"minecraft:spruce_log":15,"minecraft:stripped_spruce_log":2,"minecraft:crafting_table":1,"minecraft:spruce_fence":1,"minecraft:grass_block":8,"minecraft:spruce_leaves":19,"minecraft:spruce_slab":3,"minecraft:blue_bed":1}},"DataVersion":3465}