{"stats":{"minecraft:killed_by":{"minecraft:stray":1,"minecraft:spider":1,"alexsmobs:snow_leopard":1,"minecraft:skeleton":16,"minecraft:zombie":3},"minecraft:killed":{"mca:female_zombie_villager":1,"alexsmobs:raccoon":2,"minecraft:spider":6,"alexsmobs:snow_leopard":1,"minecraft:skeleton":10,"minecraft:drowned":1,"minecraft:pig":5,"minecraft:rabbit":2,"minecraft:zombie":17,"minecraft:stray":1,"alexsmobs:crow":1,"minecraft:cow":3},"minecraft:crafted":{"minecraft:wooden_sword":1,"minecraft:oak_planks":1020,"minecraft:cobblestone_slab":6,"minecraft:stone_shovel":3,"minecraft:spruce_stairs":132,"minecraft:bow":1,"minecraft:iron_boots":1,"minecraft:iron_axe":4,"minecraft:spruce_wood":3,"minecraft:spruce_slab":42,"minecraft:stone_pickaxe":2,"minecraft:chest":2,"minecraft:stone_hoe":1,"minecraft:oak_slab":30,"minecraft:crafting_table":2,"minecraft:spruce_planks":563,"minecraft:iron_helmet":1,"minecraft:wooden_pickaxe":1,"minecraft:iron_sword":1,"minecraft:bucket":1,"minecraft:stone_axe":1,"minecraft:air":0,"minecraft:iron_chestplate":1,"minecraft:wooden_hoe":1,"minecraft:stick":8,"minecraft:iron_ingot":16,"minecraft:oak_stairs":124,"minecraft:iron_pickaxe":2,"minecraft:wooden_axe":2,"minecraft:stone_sword":2,"minecraft:iron_leggings":1,"minecraft:torch":88},"minecraft:custom":{"minecraft:interact_with_smithing_table":1,"minecraft:interact_with_anvil":1,"minecraft:mob_kills":54,"minecraft:interact_with_crafting_table":39,"minecraft:fill_cauldron":2,"minecraft:damage_dealt_resisted":14,"minecraft:leave_game":14,"minecraft:time_since_death":119863,"minecraft:climb_one_cm":77,"minecraft:sprint_one_cm":732648,"minecraft:walk_one_cm":1158355,"minecraft:drop":51,"minecraft:play_noteblock":2,"minecraft:play_time":508746,"minecraft:deaths":44,"minecraft:sneak_time":24628,"minecraft:walk_under_water_one_cm":123963,"minecraft:boat_one_cm":618186,"minecraft:jump":4502,"minecraft:walk_on_water_one_cm":83464,"minecraft:total_world_time":508746,"minecraft:interact_with_furnace":10,"minecraft:tune_noteblock":15,"minecraft:pot_flower":6,"minecraft:sleep_in_bed":26,"minecraft:time_since_rest":118989,"minecraft:damage_taken":8852,"tombstone:sneak_grave":1,"minecraft:damage_dealt":10472,"minecraft:player_kills":2,"minecraft:swim_one_cm":50220,"minecraft:fly_one_cm":1217871,"minecraft:open_chest":122,"minecraft:crouch_one_cm":90198,"tombstone:undead_killed":30,"minecraft:fall_one_cm":111240},"minecraft:broken":{"minecraft:stone_sword":1,"minecraft:iron_axe":2,"minecraft:stone_axe":1,"minecraft:wooden_axe":1},"minecraft:used":{"minecraft:oak_fence":31,"minecraft:peony":3,"minecraft:oak_trapdoor":22,"minecraft:light_blue_banner":2,"minecraft:writable_book":1,"minecraft:netherite_sword":12,"minecraft:stone_sword":231,"minecraft:iron_shovel":24,"minecraft:spruce_slab":156,"minecraft:armor_stand":2,"minecraft:stone_shovel":171,"minecraft:diamond_hoe":25,"minecraft:light_gray_carpet":4,"minecraft:oak_sign":61,"minecraft:black_carpet":36,"minecraft:chest":51,"minecraft:spruce_planks":250,"minecraft:stone":79,"minecraft:iron_sword":28,"minecraft:zombie_spawn_egg":6,"minecraft:stone_hoe":28,"minecraft:oak_door":4,"minecraft:torch":90,"minecraft:dirt":33,"minecraft:brewing_stand":1,"minecraft:anvil":4,"minecraft:white_carpet":2,"minecraft:hopper":9,"minecraft:spruce_stairs":188,"minecraft:snowball":71,"minecraft:spruce_fence":91,"enchantinginfuser:advanced_enchanting_infuser":1,"minecraft:oak_fence_gate":24,"minecraft:glass":100,"minecraft:spruce_boat":9,"minecraft:birch_door":2,"minecraft:wooden_axe":82,"minecraft:lava_bucket":1,"minecraft:villager_spawn_egg":3,"minecraft:bookshelf":35,"minecraft:lantern":23,"minecraft:iron_axe":777,"minecraft:spruce_wood":1,"minecraft:oak_stairs":186,"minecraft:grass_block":160,"minecraft:birch_sapling":1,"minecraft:barrel":19,"minecraft:stone_bricks":120,"minecraft:tripwire_hook":2,"minecraft:redstone_lamp":11,"minecraft:furnace":6,"minecraft:beetroot_seeds":2,"tombstone:gift":1,"minecraft:stone_pressure_plate":8,"minecraft:potato":48,"minecraft:stripped_spruce_wood":8,"minecraft:wheat_seeds":9,"minecraft:water_bucket":120,"minecraft:stone_pickaxe":172,"minecraft:oak_planks":506,"minecraft:cartography_table":1,"minecraft:wooden_pickaxe":30,"minecraft:composter":2,"minecraft:cauldron":2,"minecraft:blue_bed":7,"minecraft:spruce_fence_gate":17,"minecraft:oak_leaves":53,"minecraft:oak_slab":28,"minecraft:crafting_table":5,"minecraft:blast_furnace":3,"minecraft:campfire":29,"minecraft:white_bed":15,"minecraft:stone_brick_wall":12,"minecraft:note_block":1,"minecraft:spruce_log":29,"minecraft:pumpkin_seeds":6,"minecraft:redstone_torch":10,"minecraft:oak_log":439,"minecraft:wooden_hoe":53,"minecraft:flower_pot":6,"minecraft:birch_fence_gate":20,"minecraft:cyan_carpet":3,"minecraft:oak_button":15,"minecraft:iron_pickaxe":17,"minecraft:lectern":1,"minecraft:spruce_trapdoor":84,"minecraft:gravel":3,"minecraft:lilac":6,"minecraft:stone_axe":139,"minecraft:wooden_sword":5,"mutantmonsters:mutant_zombie_spawn_egg":1,"minecraft:cobblestone":4,"minecraft:purple_bed":1,"minecraft:andesite":1,"minecraft:smithing_table":1,"minecraft:chain":2,"minecraft:bucket":80,"minecraft:glass_pane":20,"minecraft:smooth_stone_slab":186,"alexsmobs:animal_dictionary":1,"minecraft:stripped_oak_log":300,"minecraft:jukebox":1},"minecraft:picked_up":{"minecraft:crafting_table":2,"minecraft:wheat":1,"minecraft:redstone_lamp":1,"minecraft:oak_stairs":5,"minecraft:gold_block":1,"minecraft:stone_brick_stairs":1,"minecraft:string":8,"minecraft:smooth_stone_slab":1,"minecraft:cracked_stone_bricks":1,"minecraft:spruce_planks":34,"minecraft:beef":5,"minecraft:spruce_slab":12,"minecraft:chest":2,"minecraft:birch_sapling":7,"minecraft:furnace":1,"minecraft:tipped_arrow":1,"minecraft:stick":102,"minecraft:raw_iron":11,"minecraft:note_block":1,"minecraft:torch":10,"minecraft:spruce_stairs":15,"minecraft:spruce_fence":1,"minecraft:porkchop":12,"tombstone:grave_dust":2,"minecraft:blue_carpet":1,"minecraft:rabbit_foot":1,"minecraft:stone_sword":1,"minecraft:arrow":16,"minecraft:rotten_flesh":9,"minecraft:iron_bars":2,"minecraft:snowball":57,"minecraft:cobblestone":79,"biomesoplenty:lavender":1,"minecraft:stripped_oak_log":218,"minecraft:andesite":2,"minecraft:leather":3,"minecraft:potato":6,"minecraft:stripped_spruce_wood":8,"minecraft:oak_log":294,"minecraft:lily_pad":7,"minecraft:dirt":244,"minecraft:blue_bed":5,"minecraft:bone":10,"minecraft:apple":6,"minecraft:stone_bricks":1,"minecraft:bow":2,"minecraft:wheat_seeds":9,"minecraft:rabbit_hide":2,"minecraft:iron_ingot":5,"minecraft:rabbit":3,"minecraft:oak_planks":53,"minecraft:oak_slab":1,"minecraft:gravel":3,"minecraft:stripped_spruce_log":3,"minecraft:spruce_sapling":18,"minecraft:white_bed":12,"minecraft:spruce_log":81,"minecraft:bundle":1,"minecraft:polished_andesite":2,"minecraft:purple_bed":2,"minecraft:spruce_boat":9,"minecraft:iron_helmet":1,"minecraft:granite":7,"minecraft:bone_meal":1,"minecraft:bread":2,"tombstone:magic_scroll":1,"minecraft:oak_sapling":104,"minecraft:coal":57},"minecraft:mined":{"minecraft:blue_carpet":1,"minecraft:spruce_planks":23,"minecraft:white_bed":13,"minecraft:farmland":3,"minecraft:granite":7,"minecraft:grass_block":146,"minecraft:spruce_fence":1,"minecraft:spruce_leaves":29,"minecraft:sandstone":1,"minecraft:spawner":2,"minecraft:large_fern":3,"minecraft:tall_seagrass":2,"minecraft:furnace":1,"minecraft:iron_ore":16,"minecraft:fire":3,"minecraft:andesite":2,"minecraft:stripped_spruce_log":2,"minecraft:gold_block":1,"minecraft:oak_stairs":6,"minecraft:iron_bars":2,"minecraft:stripped_oak_log":219,"minecraft:packed_ice":1,"biomesoplenty:barley":35,"minecraft:stone":93,"minecraft:spruce_slab":10,"minecraft:oak_slab":1,"minecraft:crafting_table":2,"minecraft:torch":3,"minecraft:note_block":1,"minecraft:chest":2,"biomesoplenty:high_grass_plant":1,"minecraft:tall_grass":1,"minecraft:oak_planks":53,"minecraft:wall_torch":6,"minecraft:blue_bed":4,"minecraft:seagrass":3,"minecraft:spruce_stairs":14,"minecraft:purple_bed":2,"minecraft:stripped_spruce_wood":2,"minecraft:wheat":1,"minecraft:spruce_log":79,"minecraft:birch_leaves":2,"minecraft:stone_brick_stairs":1,"minecraft:smooth_stone_slab":1,"minecraft:grass":9,"minecraft:oak_log":319,"minecraft:coal_ore":68,"minecraft:gravel":4,"minecraft:dirt":99,"minecraft:cracked_stone_bricks":1,"minecraft:polished_andesite":2,"minecraft:stone_bricks":1,"minecraft:oak_leaves":21,"minecraft:fern":1,"minecraft:redstone_lamp":1},"minecraft:dropped":{"minecraft:iron_ingot":28,"minecraft:wheat_seeds":1,"minecraft:lilac":1,"minecraft:spruce_stairs":1,"minecraft:grass_block":1,"minecraft:stick":69,"minecraft:dirt":29,"minecraft:rabbit":1,"minecraft:lily_pad":7,"minecraft:spruce_sapling":15,"minecraft:bone":2,"minecraft:zombie_spawn_egg":1,"minecraft:stone_sword":1,"alexsmobs:animal_dictionary":1,"minecraft:netherite_sword":1,"minecraft:birch_sapling":2,"minecraft:rotten_flesh":5,"minecraft:rabbit_foot":1,"minecraft:rabbit_hide":1,"minecraft:stone":1,"minecraft:oak_button":1,"mutantmonsters:mutant_zombie_spawn_egg":1,"minecraft:spruce_planks":1,"minecraft:oak_sapling":16,"minecraft:spruce_log":1,"minecraft:sandstone":1,"minecraft:iron_bars":2}},"DataVersion":3465}