{"stats":{"minecraft:picked_up":{"minecraft:crafting_table":1,"minecraft:stripped_spruce_wood":8,"minecraft:blue_bed":1,"minecraft:dirt":21,"minecraft:bone":2,"minecraft:rabbit_hide":1,"minecraft:spruce_planks":32,"minecraft:spruce_slab":12,"minecraft:rabbit":1,"minecraft:chest":2,"minecraft:raw_iron":7,"minecraft:stick":30,"minecraft:torch":4,"minecraft:spruce_stairs":5,"minecraft:gravel":3,"minecraft:spruce_fence":1,"minecraft:spruce_sapling":3,"minecraft:stripped_spruce_log":3,"minecraft:spruce_log":19,"minecraft:white_bed":1,"minecraft:rabbit_foot":1,"minecraft:blue_carpet":1,"minecraft:arrow":2,"minecraft:rotten_flesh":3,"minecraft:granite":7,"minecraft:coal":37,"minecraft:cobblestone":28},"minecraft:broken":{"minecraft:wooden_axe":1},"minecraft:used":{"minecraft:netherite_sword":12,"minecraft:stone_sword":6,"minecraft:spruce_slab":3,"minecraft:stone_pickaxe":69,"minecraft:chest":4,"minecraft:spruce_planks":72,"minecraft:wooden_pickaxe":30,"minecraft:zombie_spawn_egg":5,"minecraft:blue_bed":1,"minecraft:torch":30,"minecraft:dirt":2,"minecraft:crafting_table":1,"minecraft:white_bed":1,"minecraft:wooden_axe":82,"minecraft:gravel":3,"minecraft:wooden_sword":5,"alexsmobs:animal_dictionary":1,"minecraft:stripped_spruce_wood":8},"minecraft:killed_by":{"alexsmobs:snow_leopard":1},"minecraft:dropped":{"minecraft:zombie_spawn_egg":1,"alexsmobs:animal_dictionary":1,"minecraft:netherite_sword":1,"minecraft:rotten_flesh":3,"minecraft:rabbit_foot":1,"minecraft:stick":2,"minecraft:rabbit_hide":1,"minecraft:dirt":7,"minecraft:rabbit":1,"minecraft:spruce_log":1},"minecraft:crafted":{"minecraft:wooden_sword":1,"minecraft:cobblestone_slab":6,"minecraft:crafting_table":1,"minecraft:spruce_planks":72,"minecraft:wooden_pickaxe":1,"minecraft:stone_axe":1,"minecraft:spruce_wood":3,"minecraft:stick":4,"minecraft:stone_pickaxe":1,"minecraft:wooden_axe":2,"minecraft:stone_sword":1,"minecraft:chest":2,"minecraft:torch":40},"minecraft:custom":{"minecraft:interact_with_furnace":1,"minecraft:mob_kills":12,"minecraft:interact_with_crafting_table":13,"minecraft:leave_game":8,"minecraft:time_since_death":10468,"minecraft:sleep_in_bed":3,"minecraft:time_since_rest":10089,"minecraft:sprint_one_cm":93283,"minecraft:damage_taken":479,"minecraft:walk_one_cm":199004,"minecraft:drop":19,"minecraft:damage_dealt":1903,"minecraft:fly_one_cm":119155,"minecraft:player_kills":1,"minecraft:open_chest":15,"minecraft:crouch_one_cm":2977,"minecraft:play_time":57473,"tombstone:undead_killed":6,"minecraft:deaths":2,"minecraft:sneak_time":936,"minecraft:jump":462,"minecraft:walk_on_water_one_cm":1212,"minecraft:total_world_time":57473,"minecraft:fall_one_cm":8565},"minecraft:mined":{"minecraft:blue_carpet":1,"minecraft:spruce_planks":20,"minecraft:white_bed":1,"minecraft:crafting_table":1,"minecraft:torch":1,"minecraft:granite":7,"minecraft:grass_block":13,"minecraft:spruce_fence":1,"minecraft:chest":2,"minecraft:spruce_leaves":19,"minecraft:blue_bed":1,"minecraft:wall_torch":4,"minecraft:spruce_stairs":5,"minecraft:stripped_spruce_wood":2,"minecraft:iron_ore":8,"minecraft:spruce_log":15,"minecraft:stripped_spruce_log":2,"minecraft:coal_ore":48,"minecraft:gravel":4,"minecraft:dirt":8,"minecraft:stone":31,"minecraft:spruce_slab":9},"minecraft:killed":{"alexsmobs:raccoon":2,"minecraft:spider":1,"minecraft:rabbit":1,"alexsmobs:snow_leopard":1,"minecraft:skeleton":1,"minecraft:zombie":5}},"DataVersion":3465}