{"stats":{"minecraft:killed_by":{"minecraft:stray":1,"minecraft:spider":1,"alexsmobs:snow_leopard":1,"minecraft:skeleton":16,"minecraft:zombie":3},"minecraft:custom":{"minecraft:interact_with_anvil":1,"minecraft:mob_kills":50,"minecraft:interact_with_crafting_table":19,"minecraft:damage_dealt_resisted":14,"minecraft:leave_game":11,"minecraft:time_since_death":4009,"minecraft:climb_one_cm":77,"minecraft:sprint_one_cm":521693,"minecraft:walk_one_cm":739551,"minecraft:drop":41,"minecraft:play_time":261046,"minecraft:deaths":37,"minecraft:sneak_time":4868,"minecraft:walk_under_water_one_cm":38151,"minecraft:boat_one_cm":603516,"minecraft:jump":3361,"minecraft:walk_on_water_one_cm":28645,"minecraft:total_world_time":261046,"minecraft:interact_with_furnace":10,"minecraft:sleep_in_bed":16,"minecraft:time_since_rest":3880,"minecraft:damage_taken":7751,"tombstone:sneak_grave":1,"minecraft:damage_dealt":8832,"minecraft:swim_one_cm":2937,"minecraft:fly_one_cm":898574,"minecraft:player_kills":2,"minecraft:open_chest":79,"minecraft:crouch_one_cm":14650,"tombstone:undead_killed":27,"minecraft:fall_one_cm":83453},"minecraft:mined":{"minecraft:blue_carpet":1,"minecraft:spruce_planks":22,"minecraft:white_bed":13,"minecraft:farmland":3,"minecraft:granite":7,"minecraft:grass_block":36,"minecraft:spruce_fence":1,"minecraft:spruce_leaves":19,"minecraft:sandstone":1,"minecraft:spawner":2,"minecraft:furnace":1,"minecraft:iron_ore":16,"minecraft:fire":3,"minecraft:andesite":2,"minecraft:stripped_spruce_log":2,"minecraft:gold_block":1,"minecraft:iron_bars":2,"minecraft:packed_ice":1,"biomesoplenty:barley":35,"minecraft:stone":79,"minecraft:spruce_slab":9,"minecraft:crafting_table":2,"minecraft:torch":3,"minecraft:chest":2,"biomesoplenty:high_grass_plant":1,"minecraft:tall_grass":1,"minecraft:blue_bed":4,"minecraft:wall_torch":6,"minecraft:seagrass":1,"minecraft:spruce_stairs":5,"minecraft:stripped_spruce_wood":2,"minecraft:wheat":1,"minecraft:spruce_log":15,"minecraft:birch_leaves":2,"minecraft:stone_brick_stairs":1,"minecraft:grass":8,"minecraft:coal_ore":68,"minecraft:gravel":4,"minecraft:dirt":26,"minecraft:cracked_stone_bricks":1,"minecraft:stone_bricks":1,"minecraft:polished_andesite":2,"minecraft:oak_leaves":1,"minecraft:fern":1},"minecraft:crafted":{"minecraft:wooden_sword":1,"minecraft:cobblestone_slab":6,"minecraft:bow":1,"minecraft:spruce_wood":3,"minecraft:stone_pickaxe":2,"minecraft:chest":2,"minecraft:stone_hoe":1,"minecraft:crafting_table":1,"minecraft:spruce_planks":316,"minecraft:wooden_pickaxe":1,"minecraft:bucket":1,"minecraft:stone_axe":1,"minecraft:air":0,"minecraft:wooden_hoe":1,"minecraft:stick":8,"minecraft:iron_ingot":16,"minecraft:iron_pickaxe":1,"minecraft:wooden_axe":2,"minecraft:stone_sword":2,"minecraft:torch":88},"minecraft:dropped":{"minecraft:wheat_seeds":1,"minecraft:grass_block":1,"minecraft:stick":9,"minecraft:dirt":29,"minecraft:rabbit":1,"minecraft:lily_pad":7,"minecraft:zombie_spawn_egg":1,"minecraft:stone_sword":1,"alexsmobs:animal_dictionary":1,"minecraft:netherite_sword":1,"minecraft:birch_sapling":2,"minecraft:rotten_flesh":4,"minecraft:rabbit_foot":1,"minecraft:rabbit_hide":1,"minecraft:stone":1,"mutantmonsters:mutant_zombie_spawn_egg":1,"minecraft:oak_sapling":4,"minecraft:spruce_log":1,"minecraft:sandstone":1,"minecraft:iron_bars":2},"minecraft:picked_up":{"minecraft:crafting_table":2,"minecraft:wheat":1,"minecraft:gold_block":1,"minecraft:stone_brick_stairs":1,"minecraft:string":8,"minecraft:cracked_stone_bricks":1,"minecraft:spruce_planks":32,"minecraft:beef":5,"minecraft:spruce_slab":12,"minecraft:chest":2,"minecraft:birch_sapling":7,"minecraft:furnace":1,"minecraft:tipped_arrow":1,"minecraft:raw_iron":11,"minecraft:stick":49,"minecraft:torch":10,"minecraft:spruce_stairs":5,"minecraft:spruce_fence":1,"minecraft:porkchop":12,"tombstone:grave_dust":2,"minecraft:blue_carpet":1,"minecraft:rabbit_foot":1,"minecraft:stone_sword":1,"minecraft:arrow":14,"minecraft:rotten_flesh":8,"minecraft:iron_bars":2,"minecraft:snowball":57,"minecraft:cobblestone":77,"biomesoplenty:lavender":1,"minecraft:andesite":2,"minecraft:leather":3,"minecraft:potato":6,"minecraft:stripped_spruce_wood":8,"minecraft:lily_pad":7,"minecraft:blue_bed":5,"minecraft:dirt":106,"minecraft:bone":8,"minecraft:apple":1,"minecraft:stone_bricks":1,"minecraft:bow":2,"minecraft:wheat_seeds":9,"minecraft:rabbit_hide":2,"minecraft:rabbit":3,"minecraft:gravel":3,"minecraft:stripped_spruce_log":3,"minecraft:spruce_sapling":3,"minecraft:white_bed":12,"minecraft:spruce_log":19,"minecraft:bundle":1,"minecraft:polished_andesite":2,"minecraft:spruce_boat":8,"minecraft:iron_helmet":1,"minecraft:granite":7,"minecraft:bread":2,"tombstone:magic_scroll":1,"minecraft:oak_sapling":16,"minecraft:coal":57},"minecraft:used":{"minecraft:netherite_sword":12,"minecraft:stone_sword":231,"minecraft:spruce_slab":3,"minecraft:oak_sign":9,"minecraft:spruce_planks":72,"minecraft:chest":10,"minecraft:stone":79,"minecraft:zombie_spawn_egg":6,"minecraft:stone_hoe":28,"minecraft:torch":90,"minecraft:dirt":24,"minecraft:anvil":1,"minecraft:hopper":9,"minecraft:snowball":71,"minecraft:birch_door":2,"minecraft:spruce_boat":8,"minecraft:glass":100,"minecraft:wooden_axe":82,"minecraft:lava_bucket":1,"minecraft:villager_spawn_egg":3,"minecraft:oak_stairs":7,"minecraft:grass_block":35,"minecraft:birch_sapling":1,"minecraft:stone_bricks":120,"minecraft:furnace":1,"minecraft:beetroot_seeds":2,"tombstone:gift":1,"minecraft:potato":6,"minecraft:stripped_spruce_wood":8,"minecraft:wheat_seeds":9,"minecraft:water_bucket":55,"minecraft:stone_pickaxe":172,"minecraft:oak_planks":5,"minecraft:wooden_pickaxe":30,"minecraft:blue_bed":5,"minecraft:crafting_table":1,"minecraft:white_bed":15,"minecraft:spruce_log":16,"minecraft:pumpkin_seeds":6,"minecraft:wooden_hoe":53,"minecraft:iron_pickaxe":1,"minecraft:gravel":3,"minecraft:stone_axe":10,"mutantmonsters:mutant_zombie_spawn_egg":1,"minecraft:wooden_sword":5,"minecraft:cobblestone":4,"minecraft:bucket":19,"minecraft:andesite":1,"minecraft:smooth_stone_slab":185,"alexsmobs:animal_dictionary":1},"minecraft:killed":{"mca:female_zombie_villager":1,"alexsmobs:raccoon":2,"minecraft:spider":5,"alexsmobs:snow_leopard":1,"minecraft:skeleton":8,"minecraft:pig":5,"minecraft:rabbit":2,"minecraft:zombie":17,"minecraft:stray":1,"alexsmobs:crow":1,"minecraft:cow":3},"minecraft:broken":{"minecraft:stone_sword":1,"minecraft:wooden_axe":1}},"DataVersion":3465}