{"stats":{"minecraft:custom":{"minecraft:time_since_rest":15994,"minecraft:play_time":15994,"minecraft:sprint_one_cm":22140,"tombstone:undead_killed":5,"minecraft:walk_one_cm":26695,"minecraft:mob_kills":8,"minecraft:drop":16,"minecraft:jump":110,"minecraft:damage_dealt":749,"minecraft:leave_game":4,"minecraft:time_since_death":15994,"minecraft:walk_on_water_one_cm":940,"minecraft:total_world_time":15994,"minecraft:fall_one_cm":1997,"minecraft:fly_one_cm":63346,"minecraft:player_kills":1},"minecraft:picked_up":{"minecraft:rotten_flesh":3,"minecraft:rabbit_hide":1,"minecraft:rabbit":1,"minecraft:rabbit_foot":1,"minecraft:dirt":7},"minecraft:killed":{"minecraft:spider":1,"minecraft:rabbit":1,"minecraft:zombie":5},"minecraft:dropped":{"minecraft:rotten_flesh":3,"minecraft:dirt":7,"minecraft:rabbit_hide":1,"minecraft:zombie_spawn_egg":1,"alexsmobs:animal_dictionary":1,"minecraft:netherite_sword":1,"minecraft:rabbit":1,"minecraft:rabbit_foot":1},"minecraft:used":{"minecraft:netherite_sword":12,"alexsmobs:animal_dictionary":1,"minecraft:zombie_spawn_egg":5},"minecraft:mined":{"minecraft:grass_block":7}},"DataVersion":3465}