{"stats":{"minecraft:picked_up":{"minecraft:crafting_table":1,"minecraft:stripped_spruce_wood":8,"minecraft:blue_bed":1,"minecraft:dirt":17,"minecraft:bone":2,"minecraft:rabbit_hide":1,"minecraft:spruce_planks":32,"minecraft:rabbit":1,"minecraft:spruce_slab":12,"minecraft:chest":2,"minecraft:stick":6,"minecraft:torch":2,"minecraft:spruce_stairs":5,"minecraft:spruce_fence":1,"minecraft:spruce_sapling":3,"minecraft:stripped_spruce_log":3,"minecraft:spruce_log":19,"minecraft:white_bed":1,"minecraft:blue_carpet":1,"minecraft:rabbit_foot":1,"minecraft:rotten_flesh":3,"minecraft:arrow":2,"minecraft:granite":7,"minecraft:cobblestone":23},"minecraft:broken":{"minecraft:wooden_axe":1},"minecraft:used":{"minecraft:netherite_sword":12,"minecraft:spruce_slab":3,"minecraft:spruce_planks":72,"minecraft:chest":4,"minecraft:wooden_pickaxe":30,"minecraft:zombie_spawn_egg":5,"minecraft:blue_bed":1,"minecraft:torch":2,"minecraft:crafting_table":1,"minecraft:white_bed":1,"minecraft:wooden_axe":82,"minecraft:wooden_sword":5,"alexsmobs:animal_dictionary":1,"minecraft:stripped_spruce_wood":8},"minecraft:killed_by":{"alexsmobs:snow_leopard":1},"minecraft:dropped":{"minecraft:zombie_spawn_egg":1,"alexsmobs:animal_dictionary":1,"minecraft:netherite_sword":1,"minecraft:rotten_flesh":3,"minecraft:rabbit_foot":1,"minecraft:rabbit_hide":1,"minecraft:dirt":7,"minecraft:rabbit":1,"minecraft:spruce_log":1},"minecraft:crafted":{"minecraft:wooden_sword":1,"minecraft:cobblestone_slab":6,"minecraft:crafting_table":1,"minecraft:spruce_planks":72,"minecraft:wooden_pickaxe":1,"minecraft:stone_axe":1,"minecraft:spruce_wood":3,"minecraft:stick":4,"minecraft:stone_pickaxe":1,"minecraft:wooden_axe":2,"minecraft:stone_sword":1,"minecraft:chest":2},"minecraft:custom":{"minecraft:interact_with_furnace":1,"minecraft:mob_kills":10,"minecraft:interact_with_crafting_table":13,"minecraft:leave_game":8,"minecraft:time_since_death":22778,"minecraft:sleep_in_bed":3,"minecraft:time_since_rest":4460,"minecraft:sprint_one_cm":71293,"minecraft:damage_taken":275,"minecraft:walk_one_cm":151686,"minecraft:drop":17,"minecraft:damage_dealt":1598,"minecraft:fly_one_cm":100592,"minecraft:player_kills":1,"minecraft:open_chest":15,"minecraft:crouch_one_cm":1215,"minecraft:play_time":45482,"tombstone:undead_killed":6,"minecraft:deaths":1,"minecraft:sneak_time":533,"minecraft:jump":318,"minecraft:walk_on_water_one_cm":1212,"minecraft:total_world_time":45482,"minecraft:fall_one_cm":6794},"minecraft:mined":{"minecraft:blue_carpet":1,"minecraft:spruce_planks":20,"minecraft:white_bed":1,"minecraft:crafting_table":1,"minecraft:granite":7,"minecraft:spruce_fence":1,"minecraft:grass_block":11,"minecraft:chest":2,"minecraft:spruce_leaves":19,"minecraft:blue_bed":1,"minecraft:wall_torch":2,"minecraft:spruce_stairs":5,"minecraft:stripped_spruce_wood":2,"minecraft:spruce_log":15,"minecraft:stripped_spruce_log":2,"minecraft:dirt":6,"minecraft:stone":23,"minecraft:spruce_slab":9},"minecraft:killed":{"minecraft:rabbit":1,"minecraft:spider":1,"alexsmobs:snow_leopard":1,"minecraft:skeleton":1,"minecraft:zombie":5}},"DataVersion":3465}