{"stats":{"minecraft:picked_up":{"minecraft:crafting_table":2,"minecraft:andesite":2,"minecraft:potato":6,"minecraft:stripped_spruce_wood":8,"minecraft:string":2,"minecraft:blue_bed":3,"minecraft:dirt":83,"minecraft:bone":5,"minecraft:bow":2,"minecraft:rabbit_hide":2,"minecraft:spruce_planks":32,"minecraft:spruce_slab":12,"minecraft:rabbit":3,"minecraft:chest":2,"minecraft:furnace":1,"minecraft:tipped_arrow":1,"minecraft:raw_iron":11,"minecraft:stick":36,"minecraft:torch":7,"minecraft:spruce_stairs":5,"minecraft:gravel":3,"minecraft:spruce_fence":1,"minecraft:spruce_sapling":3,"minecraft:stripped_spruce_log":3,"minecraft:spruce_log":19,"minecraft:white_bed":2,"minecraft:rabbit_foot":1,"minecraft:blue_carpet":1,"minecraft:bundle":1,"minecraft:arrow":8,"minecraft:rotten_flesh":6,"minecraft:iron_helmet":1,"minecraft:granite":7,"minecraft:bread":2,"minecraft:snowball":57,"minecraft:coal":57,"minecraft:cobblestone":48},"minecraft:broken":{"minecraft:wooden_axe":1},"minecraft:used":{"minecraft:water_bucket":4,"minecraft:netherite_sword":12,"minecraft:stone_sword":77,"minecraft:spruce_slab":3,"minecraft:stone_pickaxe":133,"minecraft:chest":4,"minecraft:spruce_planks":72,"minecraft:wooden_pickaxe":30,"minecraft:zombie_spawn_egg":5,"minecraft:blue_bed":1,"minecraft:torch":56,"minecraft:dirt":17,"minecraft:crafting_table":1,"minecraft:white_bed":1,"minecraft:snowball":71,"minecraft:wooden_axe":82,"minecraft:wooden_hoe":53,"minecraft:gravel":3,"minecraft:stone_axe":2,"mutantmonsters:mutant_zombie_spawn_egg":1,"minecraft:wooden_sword":5,"minecraft:bucket":4,"minecraft:andesite":1,"alexsmobs:animal_dictionary":1,"minecraft:potato":6,"minecraft:stripped_spruce_wood":8},"minecraft:killed_by":{"minecraft:skeleton":1,"minecraft:stray":1,"minecraft:zombie":2,"alexsmobs:snow_leopard":1},"minecraft:dropped":{"minecraft:zombie_spawn_egg":1,"alexsmobs:animal_dictionary":1,"minecraft:netherite_sword":1,"minecraft:rotten_flesh":3,"minecraft:rabbit_foot":1,"minecraft:stick":2,"minecraft:rabbit_hide":1,"minecraft:dirt":7,"mutantmonsters:mutant_zombie_spawn_egg":1,"minecraft:rabbit":1,"minecraft:spruce_log":1},"minecraft:crafted":{"minecraft:wooden_sword":1,"minecraft:cobblestone_slab":6,"minecraft:crafting_table":1,"minecraft:spruce_planks":316,"minecraft:wooden_pickaxe":1,"minecraft:bucket":1,"minecraft:stone_axe":1,"minecraft:air":0,"minecraft:wooden_hoe":1,"minecraft:spruce_wood":3,"minecraft:stick":8,"minecraft:iron_ingot":16,"minecraft:stone_pickaxe":2,"minecraft:wooden_axe":2,"minecraft:stone_sword":1,"minecraft:chest":2,"minecraft:torch":88},"minecraft:custom":{"minecraft:interact_with_furnace":10,"minecraft:mob_kills":29,"minecraft:interact_with_crafting_table":16,"minecraft:leave_game":8,"minecraft:time_since_death":16142,"minecraft:sleep_in_bed":6,"minecraft:time_since_rest":15998,"minecraft:sprint_one_cm":199705,"minecraft:damage_taken":1696,"minecraft:walk_one_cm":379726,"minecraft:drop":20,"minecraft:damage_dealt":4821,"minecraft:fly_one_cm":335542,"minecraft:player_kills":1,"minecraft:open_chest":29,"minecraft:crouch_one_cm":2997,"minecraft:play_time":105473,"tombstone:undead_killed":18,"minecraft:deaths":8,"minecraft:sneak_time":950,"minecraft:jump":1192,"minecraft:walk_on_water_one_cm":3100,"minecraft:total_world_time":105473,"minecraft:fall_one_cm":20803},"minecraft:mined":{"minecraft:blue_carpet":1,"minecraft:spruce_planks":20,"minecraft:white_bed":2,"minecraft:farmland":3,"minecraft:crafting_table":2,"minecraft:torch":3,"minecraft:granite":7,"minecraft:grass_block":31,"minecraft:spruce_fence":1,"minecraft:chest":2,"minecraft:spruce_leaves":19,"minecraft:blue_bed":3,"minecraft:wall_torch":5,"minecraft:spruce_stairs":5,"minecraft:furnace":1,"minecraft:stripped_spruce_wood":2,"minecraft:iron_ore":16,"minecraft:fire":3,"minecraft:spruce_log":15,"minecraft:andesite":2,"minecraft:stripped_spruce_log":2,"minecraft:grass":1,"minecraft:coal_ore":68,"minecraft:gravel":4,"minecraft:dirt":19,"minecraft:stone":52,"minecraft:spruce_slab":9},"minecraft:killed":{"alexsmobs:raccoon":2,"minecraft:spider":2,"minecraft:rabbit":2,"alexsmobs:snow_leopard":1,"minecraft:skeleton":3,"minecraft:zombie":14,"minecraft:stray":1}},"DataVersion":3465}