{"stats":{"minecraft:picked_up":{"minecraft:crafting_table":1,"minecraft:andesite":2,"minecraft:stripped_spruce_wood":8,"minecraft:blue_bed":1,"minecraft:dirt":33,"minecraft:bone":4,"minecraft:bow":1,"minecraft:rabbit_hide":1,"minecraft:spruce_planks":32,"minecraft:spruce_slab":12,"minecraft:rabbit":1,"minecraft:chest":2,"minecraft:tipped_arrow":1,"minecraft:raw_iron":11,"minecraft:stick":34,"minecraft:torch":4,"minecraft:spruce_stairs":5,"minecraft:gravel":3,"minecraft:spruce_fence":1,"minecraft:spruce_sapling":3,"minecraft:stripped_spruce_log":3,"minecraft:spruce_log":19,"minecraft:white_bed":1,"minecraft:rabbit_foot":1,"minecraft:blue_carpet":1,"minecraft:arrow":5,"minecraft:rotten_flesh":6,"minecraft:iron_helmet":1,"minecraft:granite":7,"minecraft:coal":56,"minecraft:cobblestone":48},"minecraft:broken":{"minecraft:wooden_axe":1},"minecraft:used":{"minecraft:netherite_sword":12,"minecraft:stone_sword":29,"minecraft:spruce_slab":3,"minecraft:stone_pickaxe":132,"minecraft:chest":4,"minecraft:spruce_planks":72,"minecraft:wooden_pickaxe":30,"minecraft:zombie_spawn_egg":5,"minecraft:blue_bed":1,"minecraft:torch":51,"minecraft:dirt":3,"minecraft:crafting_table":1,"minecraft:white_bed":1,"minecraft:wooden_axe":82,"minecraft:gravel":3,"minecraft:wooden_sword":5,"minecraft:andesite":1,"alexsmobs:animal_dictionary":1,"minecraft:stripped_spruce_wood":8},"minecraft:killed_by":{"minecraft:stray":1,"alexsmobs:snow_leopard":1},"minecraft:dropped":{"minecraft:zombie_spawn_egg":1,"alexsmobs:animal_dictionary":1,"minecraft:netherite_sword":1,"minecraft:rotten_flesh":3,"minecraft:rabbit_foot":1,"minecraft:stick":2,"minecraft:rabbit_hide":1,"minecraft:dirt":7,"minecraft:rabbit":1,"minecraft:spruce_log":1},"minecraft:crafted":{"minecraft:wooden_sword":1,"minecraft:cobblestone_slab":6,"minecraft:crafting_table":1,"minecraft:spruce_planks":72,"minecraft:wooden_pickaxe":1,"minecraft:bucket":1,"minecraft:stone_axe":1,"minecraft:air":0,"minecraft:spruce_wood":3,"minecraft:stick":4,"minecraft:iron_ingot":16,"minecraft:stone_pickaxe":2,"minecraft:wooden_axe":2,"minecraft:stone_sword":1,"minecraft:chest":2,"minecraft:torch":88},"minecraft:custom":{"minecraft:interact_with_furnace":8,"minecraft:mob_kills":18,"minecraft:interact_with_crafting_table":15,"minecraft:leave_game":8,"minecraft:time_since_death":3574,"minecraft:sleep_in_bed":3,"minecraft:time_since_rest":3448,"minecraft:sprint_one_cm":114332,"minecraft:damage_taken":685,"minecraft:walk_one_cm":267756,"minecraft:drop":19,"minecraft:damage_dealt":2905,"minecraft:fly_one_cm":133939,"minecraft:player_kills":1,"minecraft:open_chest":21,"minecraft:crouch_one_cm":2997,"minecraft:play_time":69473,"tombstone:undead_killed":11,"minecraft:deaths":3,"minecraft:sneak_time":950,"minecraft:jump":660,"minecraft:walk_on_water_one_cm":1212,"minecraft:total_world_time":69473,"minecraft:fall_one_cm":9610},"minecraft:mined":{"minecraft:blue_carpet":1,"minecraft:spruce_planks":20,"minecraft:white_bed":1,"minecraft:crafting_table":1,"minecraft:torch":1,"minecraft:granite":7,"minecraft:grass_block":16,"minecraft:spruce_fence":1,"minecraft:chest":2,"minecraft:spruce_leaves":19,"minecraft:blue_bed":1,"minecraft:wall_torch":4,"minecraft:spruce_stairs":5,"minecraft:stripped_spruce_wood":2,"minecraft:iron_ore":16,"minecraft:spruce_log":15,"minecraft:andesite":2,"minecraft:stripped_spruce_log":2,"minecraft:coal_ore":68,"minecraft:gravel":4,"minecraft:dirt":17,"minecraft:stone":52,"minecraft:spruce_slab":9},"minecraft:killed":{"alexsmobs:raccoon":2,"minecraft:spider":1,"minecraft:rabbit":1,"alexsmobs:snow_leopard":1,"minecraft:skeleton":1,"minecraft:zombie":9,"minecraft:stray":1}},"DataVersion":3465}