{"stats":{"minecraft:picked_up":{"minecraft:crafting_table":2,"minecraft:andesite":2,"minecraft:potato":6,"minecraft:gold_block":1,"minecraft:stone_brick_stairs":1,"minecraft:stripped_spruce_wood":8,"minecraft:lily_pad":7,"minecraft:string":8,"minecraft:blue_bed":3,"minecraft:dirt":104,"minecraft:bone":8,"minecraft:bow":2,"minecraft:rabbit_hide":2,"minecraft:spruce_planks":32,"minecraft:spruce_slab":12,"minecraft:rabbit":3,"minecraft:chest":2,"minecraft:birch_sapling":1,"minecraft:furnace":1,"minecraft:tipped_arrow":1,"minecraft:raw_iron":11,"minecraft:stick":36,"minecraft:torch":8,"minecraft:spruce_stairs":5,"minecraft:gravel":3,"minecraft:spruce_fence":1,"tombstone:grave_dust":2,"minecraft:spruce_sapling":3,"minecraft:stripped_spruce_log":3,"minecraft:spruce_log":19,"minecraft:white_bed":7,"minecraft:rabbit_foot":1,"minecraft:blue_carpet":1,"minecraft:polished_andesite":2,"minecraft:bundle":1,"minecraft:arrow":14,"minecraft:rotten_flesh":8,"minecraft:spruce_boat":2,"minecraft:iron_helmet":1,"minecraft:granite":7,"minecraft:bread":2,"tombstone:magic_scroll":1,"minecraft:iron_bars":2,"minecraft:snowball":57,"minecraft:coal":57,"minecraft:cobblestone":77},"minecraft:broken":{"minecraft:stone_sword":1,"minecraft:wooden_axe":1},"minecraft:used":{"minecraft:wheat_seeds":2,"minecraft:water_bucket":11,"minecraft:netherite_sword":12,"minecraft:stone_sword":154,"minecraft:spruce_slab":3,"minecraft:stone_pickaxe":169,"minecraft:chest":4,"minecraft:spruce_planks":72,"minecraft:wooden_pickaxe":30,"minecraft:zombie_spawn_egg":5,"minecraft:blue_bed":3,"minecraft:stone_hoe":2,"minecraft:torch":85,"minecraft:dirt":17,"minecraft:crafting_table":1,"minecraft:white_bed":7,"minecraft:snowball":71,"minecraft:spruce_boat":2,"minecraft:wooden_axe":82,"minecraft:wooden_hoe":53,"minecraft:birch_sapling":1,"minecraft:iron_pickaxe":1,"minecraft:gravel":3,"minecraft:stone_axe":7,"mutantmonsters:mutant_zombie_spawn_egg":1,"minecraft:wooden_sword":5,"minecraft:cobblestone":4,"minecraft:furnace":1,"minecraft:bucket":12,"minecraft:andesite":1,"tombstone:gift":1,"alexsmobs:animal_dictionary":1,"minecraft:potato":6,"minecraft:stripped_spruce_wood":8},"minecraft:killed_by":{"minecraft:skeleton":13,"minecraft:stray":1,"minecraft:spider":1,"minecraft:zombie":3,"alexsmobs:snow_leopard":1},"minecraft:dropped":{"minecraft:zombie_spawn_egg":1,"alexsmobs:animal_dictionary":1,"minecraft:netherite_sword":1,"minecraft:rotten_flesh":4,"minecraft:rabbit_foot":1,"minecraft:stick":2,"minecraft:rabbit_hide":1,"minecraft:dirt":7,"mutantmonsters:mutant_zombie_spawn_egg":1,"minecraft:sandstone":1,"minecraft:rabbit":1,"minecraft:spruce_log":1,"minecraft:iron_bars":2,"minecraft:lily_pad":7},"minecraft:crafted":{"minecraft:wooden_sword":1,"minecraft:cobblestone_slab":6,"minecraft:crafting_table":1,"minecraft:spruce_planks":316,"minecraft:wooden_pickaxe":1,"minecraft:bucket":1,"minecraft:stone_axe":1,"minecraft:air":0,"minecraft:wooden_hoe":1,"minecraft:spruce_wood":3,"minecraft:stick":8,"minecraft:iron_pickaxe":1,"minecraft:iron_ingot":16,"minecraft:stone_pickaxe":2,"minecraft:wooden_axe":2,"minecraft:stone_sword":2,"minecraft:chest":2,"minecraft:stone_hoe":1,"minecraft:torch":88},"minecraft:custom":{"minecraft:interact_with_furnace":10,"minecraft:mob_kills":41,"minecraft:interact_with_crafting_table":19,"minecraft:damage_dealt_resisted":14,"minecraft:leave_game":9,"minecraft:time_since_death":3554,"minecraft:sleep_in_bed":11,"minecraft:climb_one_cm":77,"minecraft:time_since_rest":54,"minecraft:sprint_one_cm":351515,"minecraft:damage_taken":6014,"minecraft:walk_one_cm":534509,"tombstone:sneak_grave":1,"minecraft:drop":30,"minecraft:damage_dealt":7544,"minecraft:fly_one_cm":541172,"minecraft:player_kills":1,"minecraft:open_chest":49,"minecraft:crouch_one_cm":5271,"minecraft:play_time":165021,"tombstone:undead_killed":27,"minecraft:deaths":26,"minecraft:sneak_time":2155,"minecraft:walk_under_water_one_cm":31325,"minecraft:boat_one_cm":122040,"minecraft:jump":2116,"minecraft:walk_on_water_one_cm":11788,"minecraft:total_world_time":165021,"minecraft:fall_one_cm":51479},"minecraft:mined":{"minecraft:blue_carpet":1,"minecraft:spruce_planks":22,"minecraft:white_bed":7,"minecraft:farmland":3,"minecraft:crafting_table":2,"minecraft:torch":3,"minecraft:granite":7,"minecraft:grass_block":34,"minecraft:spruce_fence":1,"minecraft:chest":2,"minecraft:spruce_leaves":19,"minecraft:sandstone":1,"minecraft:blue_bed":3,"minecraft:wall_torch":6,"minecraft:spawner":1,"minecraft:spruce_stairs":5,"minecraft:furnace":1,"minecraft:stripped_spruce_wood":2,"minecraft:iron_ore":16,"minecraft:fire":3,"minecraft:birch_leaves":2,"minecraft:spruce_log":15,"minecraft:andesite":2,"minecraft:stripped_spruce_log":2,"minecraft:gold_block":1,"minecraft:stone_brick_stairs":1,"minecraft:grass":1,"minecraft:coal_ore":68,"minecraft:iron_bars":2,"minecraft:gravel":4,"minecraft:dirt":26,"minecraft:polished_andesite":2,"minecraft:stone":79,"minecraft:oak_leaves":1,"minecraft:spruce_slab":9},"minecraft:killed":{"mca:female_zombie_villager":1,"alexsmobs:raccoon":2,"minecraft:spider":5,"minecraft:rabbit":2,"alexsmobs:snow_leopard":1,"minecraft:skeleton":8,"minecraft:zombie":17,"minecraft:stray":1}},"DataVersion":3465}