{"stats":{"minecraft:dropped":{"minecraft:rabbit_hide":1,"minecraft:dirt":7,"minecraft:zombie_spawn_egg":1,"alexsmobs:animal_dictionary":1,"minecraft:rabbit":1,"minecraft:netherite_sword":1,"minecraft:rotten_flesh":3,"minecraft:spruce_log":1,"minecraft:rabbit_foot":1},"minecraft:used":{"minecraft:netherite_sword":12,"minecraft:spruce_slab":3,"minecraft:chest":4,"minecraft:spruce_planks":72,"minecraft:zombie_spawn_egg":5,"minecraft:blue_bed":1,"minecraft:wooden_sword":5,"minecraft:torch":2,"minecraft:crafting_table":1,"minecraft:white_bed":1,"alexsmobs:animal_dictionary":1,"minecraft:stripped_spruce_wood":8,"minecraft:wooden_axe":82},"minecraft:killed_by":{"alexsmobs:snow_leopard":1},"minecraft:crafted":{"minecraft:wooden_sword":1,"minecraft:spruce_wood":3,"minecraft:crafting_table":1,"minecraft:spruce_planks":72,"minecraft:wooden_axe":2,"minecraft:chest":2},"minecraft:killed":{"minecraft:skeleton":1,"minecraft:zombie":5,"minecraft:spider":1,"minecraft:rabbit":1,"alexsmobs:snow_leopard":1},"minecraft:mined":{"minecraft:blue_carpet":1,"minecraft:spruce_stairs":5,"minecraft:spruce_planks":20,"minecraft:white_bed":1,"minecraft:stripped_spruce_wood":2,"minecraft:spruce_log":15,"minecraft:stripped_spruce_log":2,"minecraft:crafting_table":1,"minecraft:grass_block":8,"minecraft:spruce_fence":1,"minecraft:chest":2,"minecraft:spruce_leaves":19,"minecraft:spruce_slab":9,"minecraft:wall_torch":2,"minecraft:blue_bed":1},"minecraft:picked_up":{"minecraft:stick":6,"minecraft:crafting_table":1,"minecraft:torch":2,"minecraft:spruce_stairs":5,"minecraft:spruce_fence":1,"minecraft:stripped_spruce_wood":8,"minecraft:stripped_spruce_log":3,"minecraft:spruce_sapling":3,"minecraft:white_bed":1,"minecraft:spruce_log":19,"minecraft:rabbit_foot":1,"minecraft:dirt":8,"minecraft:blue_bed":1,"minecraft:blue_carpet":1,"minecraft:bone":2,"minecraft:arrow":2,"minecraft:rotten_flesh":3,"minecraft:spruce_planks":32,"minecraft:rabbit_hide":1,"minecraft:spruce_slab":12,"minecraft:rabbit":1,"minecraft:chest":2},"minecraft:broken":{"minecraft:wooden_axe":1},"minecraft:custom":{"minecraft:time_since_rest":6082,"minecraft:sprint_one_cm":57847,"minecraft:interact_with_furnace":1,"minecraft:damage_taken":275,"minecraft:walk_one_cm":138375,"minecraft:mob_kills":10,"minecraft:drop":17,"minecraft:damage_dealt":1598,"minecraft:interact_with_crafting_table":5,"minecraft:fly_one_cm":96633,"minecraft:player_kills":1,"minecraft:play_time":40224,"minecraft:open_chest":8,"minecraft:crouch_one_cm":1215,"minecraft:sneak_time":533,"tombstone:undead_killed":6,"minecraft:deaths":1,"minecraft:jump":286,"minecraft:leave_game":6,"minecraft:time_since_death":17520,"minecraft:walk_on_water_one_cm":1212,"minecraft:sleep_in_bed":2,"minecraft:total_world_time":40224,"minecraft:fall_one_cm":6585}},"DataVersion":3465}