{"stats":{"minecraft:picked_up":{"tombstone:grave_key":1,"minecraft:spruce_sapling":1,"minecraft:spruce_log":6},"minecraft:used":{"tombstone:gift":1},"minecraft:dropped":{"tombstone:grave_key":1},"minecraft:custom":{"minecraft:time_since_rest":5145,"minecraft:open_chest":3,"minecraft:interact_with_smithing_table":1,"minecraft:crouch_one_cm":174,"minecraft:sprint_one_cm":20538,"minecraft:play_time":13806,"minecraft:deaths":1,"minecraft:damage_taken":220,"minecraft:walk_one_cm":82785,"minecraft:sneak_time":25,"minecraft:bell_ring":14,"minecraft:drop":1,"minecraft:jump":130,"minecraft:damage_dealt":40,"minecraft:leave_game":2,"minecraft:time_since_death":6643,"minecraft:sleep_in_bed":1,"minecraft:total_world_time":13806,"minecraft:fall_one_cm":2539,"minecraft:fly_one_cm":10817},"minecraft:mined":{"minecraft:spruce_leaves":3,"minecraft:spruce_log":8}},"DataVersion":3465}