{"stats":{"minecraft:killed":{"minecraft:spider":1,"minecraft:pig":1,"minecraft:cow":3},"minecraft:mined":{"minecraft:spruce_planks":1,"minecraft:white_bed":1,"minecraft:oak_sapling":1,"minecraft:granite":43,"minecraft:grass_block":241,"minecraft:spruce_leaves":3,"minecraft:pumpkin":5,"minecraft:dirt_path":1,"minecraft:oak_stairs":15,"biomesoplenty:barley":48,"minecraft:stone":303,"minecraft:crafting_table":4,"minecraft:chest":2,"minecraft:tall_grass":1,"minecraft:copper_ore":2,"minecraft:cobblestone":8,"minecraft:oak_planks":20,"minecraft:diorite":3,"minecraft:blue_bed":2,"minecraft:wall_torch":1,"minecraft:spruce_stairs":3,"minecraft:birch_planks":2,"minecraft:purple_bed":9,"minecraft:birch_log":87,"minecraft:wheat":11,"minecraft:birch_door":7,"minecraft:spruce_log":8,"minecraft:birch_leaves":1,"minecraft:pumpkin_stem":1,"minecraft:grass":48,"biomesoplenty:clover":1,"minecraft:oak_log":445,"minecraft:coal_ore":6,"minecraft:gravel":4,"minecraft:sand":29,"minecraft:dirt":155,"minecraft:oak_leaves":96,"minecraft:birch_fence":5},"minecraft:used":{"minecraft:stone_shovel":41,"minecraft:chest":5,"minecraft:spruce_planks":1,"minecraft:stone":20,"minecraft:wooden_shovel":177,"minecraft:stone_hoe":22,"minecraft:torch":3,"minecraft:dirt":113,"minecraft:granite":50,"minecraft:birch_door":9,"minecraft:glass":5,"minecraft:wooden_axe":391,"minecraft:iron_axe":346,"minecraft:oak_stairs":46,"minecraft:birch_sapling":21,"minecraft:oak_sapling":39,"tombstone:gift":11,"minecraft:potato":14,"minecraft:wheat_seeds":26,"minecraft:diorite":1,"minecraft:birch_planks":2,"minecraft:stone_pickaxe":373,"minecraft:oak_planks":588,"minecraft:wooden_pickaxe":58,"minecraft:sand":4,"minecraft:crafting_table":4,"minecraft:white_bed":1,"minecraft:spruce_log":2,"minecraft:pumpkin_seeds":6,"minecraft:birch_fence":116,"minecraft:oak_log":11,"minecraft:apple":9,"minecraft:bread":10,"minecraft:gravel":2,"minecraft:wooden_sword":112,"minecraft:cobblestone":6,"minecraft:purple_bed":9,"minecraft:andesite":2},"minecraft:picked_up":{"minecraft:birch_door":7,"minecraft:crafting_table":4,"minecraft:wheat":6,"minecraft:wooden_pickaxe":1,"minecraft:oak_stairs":14,"tombstone:grave_key":1,"minecraft:string":1,"minecraft:raw_copper":6,"minecraft:wooden_sword":1,"minecraft:birch_fence":16,"minecraft:spruce_planks":2,"minecraft:beef":2,"minecraft:chest":2,"minecraft:birch_sapling":34,"minecraft:stick":170,"minecraft:raw_iron":5,"minecraft:stone":13,"minecraft:oak_fence":9,"minecraft:torch":11,"minecraft:spruce_stairs":2,"minecraft:porkchop":3,"minecraft:diorite":2,"minecraft:stone_shovel":1,"minecraft:snowball":3,"minecraft:cobblestone":448,"minecraft:birch_log":140,"minecraft:andesite":2,"minecraft:leather":2,"minecraft:birch_planks":2,"minecraft:flint":1,"minecraft:oak_log":436,"minecraft:blue_bed":2,"minecraft:dirt":440,"minecraft:glass":1,"minecraft:apple":14,"minecraft:wheat_seeds":29,"minecraft:stone_pickaxe":2,"minecraft:iron_ingot":18,"minecraft:oak_planks":19,"minecraft:pumpkin":5,"minecraft:gravel":4,"minecraft:sand":31,"minecraft:white_bed":2,"minecraft:spruce_sapling":1,"minecraft:spruce_log":7,"minecraft:pumpkin_seeds":4,"minecraft:purple_bed":10,"minecraft:granite":50,"minecraft:oak_sapling":131,"minecraft:coal":23},"minecraft:broken":{"minecraft:wooden_shovel":3,"minecraft:wooden_pickaxe":1,"minecraft:iron_axe":1,"minecraft:wooden_axe":5},"minecraft:killed_by":{"minecraft:player":1,"minecraft:creeper":1,"minecraft:skeleton":6,"minecraft:zombie":2},"minecraft:dropped":{"minecraft:bread":2,"minecraft:porkchop":3,"minecraft:cobblestone":64,"minecraft:stick":28,"minecraft:dirt":17,"minecraft:torch":6,"tombstone:grave_key":1,"minecraft:wooden_sword":1,"minecraft:blue_bed":1,"minecraft:oak_door":24,"minecraft:wheat":3,"minecraft:potato":6,"minecraft:stone":13,"minecraft:purple_bed":1,"minecraft:wooden_pickaxe":1,"minecraft:stone_pickaxe":5},"minecraft:crafted":{"minecraft:wooden_sword":1,"minecraft:oak_door":27,"minecraft:oak_planks":744,"minecraft:stone":33,"minecraft:glass":4,"minecraft:iron_axe":2,"minecraft:stone_pickaxe":1,"minecraft:chest":3,"minecraft:birch_door":3,"minecraft:spruce_boat":2,"minecraft:wooden_shovel":3,"minecraft:crafting_table":2,"minecraft:spruce_planks":40,"minecraft:wooden_pickaxe":1,"minecraft:birch_planks":168,"minecraft:birch_fence":120,"minecraft:stick":48,"minecraft:oak_stairs":32,"minecraft:wooden_axe":6},"minecraft:custom":{"minecraft:interact_with_smithing_table":1,"minecraft:mob_kills":5,"minecraft:interact_with_crafting_table":48,"minecraft:bell_ring":14,"minecraft:leave_game":10,"minecraft:time_since_death":111805,"minecraft:climb_one_cm":467,"minecraft:sprint_one_cm":459695,"minecraft:walk_one_cm":1214256,"minecraft:drop":26,"minecraft:play_time":340770,"minecraft:deaths":12,"minecraft:sneak_time":9661,"minecraft:walk_under_water_one_cm":66893,"minecraft:boat_one_cm":477787,"minecraft:jump":2256,"minecraft:walk_on_water_one_cm":62599,"minecraft:total_world_time":340770,"minecraft:interact_with_furnace":5,"minecraft:sleep_in_bed":20,"minecraft:time_since_rest":887,"minecraft:damage_taken":3722,"minecraft:damage_dealt":992,"minecraft:swim_one_cm":8756,"minecraft:fly_one_cm":224050,"minecraft:open_chest":54,"minecraft:crouch_one_cm":20499,"minecraft:fall_one_cm":40630}},"DataVersion":3465}