{"stats":{"minecraft:custom":{"minecraft:jump":78,"minecraft:time_since_rest":1,"minecraft:deaths":1,"minecraft:sprint_one_cm":14088,"minecraft:damage_dealt":40,"minecraft:crouch_one_cm":174,"minecraft:leave_game":2,"minecraft:play_time":7958,"minecraft:damage_taken":220,"minecraft:time_since_death":795,"minecraft:walk_one_cm":37234,"minecraft:sneak_time":25,"minecraft:total_world_time":7958,"minecraft:fall_one_cm":2330,"minecraft:fly_one_cm":8877},"minecraft:mined":{"minecraft:spruce_log":1}},"DataVersion":3465}