{"stats":{"minecraft:picked_up":{"minecraft:raw_iron":1,"minecraft:stick":3,"minecraft:torch":1,"minecraft:gravel":1,"tombstone:grave_key":1,"minecraft:spruce_sapling":1,"minecraft:spruce_log":7,"minecraft:coal":16,"minecraft:cobblestone":6},"minecraft:used":{"tombstone:gift":1,"minecraft:wooden_pickaxe":10,"minecraft:gravel":1},"minecraft:dropped":{"tombstone:grave_key":1,"minecraft:stick":24},"minecraft:crafted":{"minecraft:wooden_sword":1,"minecraft:spruce_planks":28,"minecraft:stick":28,"minecraft:wooden_pickaxe":1,"minecraft:wooden_axe":1},"minecraft:custom":{"minecraft:time_since_rest":17145,"minecraft:open_chest":5,"minecraft:interact_with_smithing_table":1,"minecraft:crouch_one_cm":174,"minecraft:sprint_one_cm":37966,"minecraft:play_time":25806,"minecraft:deaths":1,"minecraft:damage_taken":260,"minecraft:walk_one_cm":118954,"minecraft:sneak_time":25,"minecraft:bell_ring":14,"minecraft:drop":2,"minecraft:jump":247,"minecraft:damage_dealt":60,"minecraft:leave_game":2,"minecraft:time_since_death":18643,"minecraft:sleep_in_bed":1,"minecraft:total_world_time":25806,"minecraft:interact_with_crafting_table":4,"minecraft:fall_one_cm":5317,"minecraft:fly_one_cm":20045},"minecraft:mined":{"minecraft:coal_ore":5,"minecraft:stone":4,"minecraft:spruce_leaves":3,"minecraft:spruce_log":8}},"DataVersion":3465}