{"stats":{"minecraft:killed_by":{"minecraft:skeleton":3,"minecraft:creeper":1,"minecraft:zombie":1},"minecraft:custom":{"minecraft:interact_with_smithing_table":1,"minecraft:interact_with_furnace":1,"minecraft:mob_kills":1,"minecraft:interact_with_crafting_table":18,"minecraft:bell_ring":14,"minecraft:leave_game":7,"minecraft:time_since_death":8741,"minecraft:sleep_in_bed":3,"minecraft:climb_one_cm":467,"minecraft:time_since_rest":7622,"minecraft:sprint_one_cm":139096,"minecraft:damage_taken":1681,"minecraft:walk_one_cm":492986,"minecraft:drop":13,"minecraft:damage_dealt":517,"minecraft:swim_one_cm":1413,"minecraft:fly_one_cm":56663,"minecraft:open_chest":24,"minecraft:crouch_one_cm":281,"minecraft:play_time":133088,"minecraft:deaths":6,"minecraft:sneak_time":48,"minecraft:walk_under_water_one_cm":42769,"minecraft:boat_one_cm":29168,"minecraft:jump":948,"minecraft:walk_on_water_one_cm":19624,"minecraft:total_world_time":133088,"minecraft:fall_one_cm":12441},"minecraft:mined":{"minecraft:crafting_table":3,"minecraft:grass_block":33,"minecraft:chest":2,"minecraft:cobblestone":6,"minecraft:spruce_leaves":3,"minecraft:diorite":2,"minecraft:blue_bed":1,"minecraft:spruce_stairs":3,"minecraft:spruce_log":8,"minecraft:grass":10,"minecraft:oak_log":279,"minecraft:coal_ore":5,"minecraft:dirt_path":1,"minecraft:gravel":3,"minecraft:sand":7,"minecraft:dirt":18,"minecraft:stone":101,"minecraft:oak_leaves":14},"minecraft:crafted":{"minecraft:wooden_sword":1,"minecraft:oak_door":24,"minecraft:oak_planks":80,"minecraft:wooden_shovel":1,"minecraft:crafting_table":1,"minecraft:spruce_planks":40,"minecraft:wooden_pickaxe":1,"minecraft:stick":48,"minecraft:stone_pickaxe":1,"minecraft:wooden_axe":5,"minecraft:chest":2,"minecraft:spruce_boat":2},"minecraft:dropped":{"minecraft:oak_door":24,"minecraft:bread":2,"minecraft:stick":28,"minecraft:potato":6,"minecraft:torch":6,"tombstone:grave_key":1,"minecraft:wooden_pickaxe":1,"minecraft:stone_pickaxe":1},"minecraft:picked_up":{"minecraft:crafting_table":3,"minecraft:wooden_pickaxe":1,"minecraft:flint":1,"minecraft:oak_log":248,"tombstone:grave_key":1,"minecraft:blue_bed":1,"minecraft:string":1,"minecraft:dirt":80,"minecraft:apple":8,"minecraft:wheat_seeds":1,"minecraft:stone_pickaxe":2,"minecraft:chest":2,"minecraft:stick":57,"minecraft:raw_iron":5,"minecraft:torch":8,"minecraft:spruce_stairs":2,"minecraft:gravel":3,"minecraft:sand":7,"minecraft:spruce_sapling":1,"minecraft:diorite":1,"minecraft:spruce_log":7,"minecraft:oak_sapling":63,"minecraft:coal":17,"minecraft:snowball":3,"minecraft:cobblestone":200},"minecraft:used":{"minecraft:stone_pickaxe":138,"minecraft:chest":4,"minecraft:wooden_pickaxe":29,"minecraft:wooden_shovel":35,"minecraft:torch":2,"minecraft:sand":4,"minecraft:dirt":30,"minecraft:crafting_table":2,"minecraft:wooden_axe":323,"minecraft:apple":3,"minecraft:bread":2,"minecraft:gravel":1,"minecraft:wooden_sword":21,"minecraft:cobblestone":6,"tombstone:gift":7},"minecraft:killed":{"minecraft:spider":1},"minecraft:broken":{"minecraft:wooden_axe":4}},"DataVersion":3465}