{"stats":{"minecraft:killed_by":{"minecraft:player":1,"minecraft:skeleton":6,"minecraft:creeper":1,"minecraft:zombie":1},"minecraft:custom":{"minecraft:interact_with_smithing_table":1,"minecraft:interact_with_furnace":1,"minecraft:mob_kills":5,"minecraft:interact_with_crafting_table":19,"minecraft:bell_ring":14,"minecraft:leave_game":9,"minecraft:time_since_death":26301,"minecraft:sleep_in_bed":7,"minecraft:climb_one_cm":467,"minecraft:time_since_rest":21669,"minecraft:sprint_one_cm":327059,"minecraft:damage_taken":3167,"minecraft:walk_one_cm":647893,"minecraft:drop":14,"minecraft:damage_dealt":908,"minecraft:swim_one_cm":8756,"minecraft:fly_one_cm":210014,"minecraft:open_chest":34,"minecraft:crouch_one_cm":409,"minecraft:play_time":197696,"minecraft:deaths":11,"minecraft:sneak_time":80,"minecraft:walk_under_water_one_cm":49055,"minecraft:boat_one_cm":477787,"minecraft:jump":1735,"minecraft:walk_on_water_one_cm":41805,"minecraft:total_world_time":197696,"minecraft:fall_one_cm":32812},"minecraft:mined":{"minecraft:crafting_table":3,"minecraft:grass_block":38,"minecraft:chest":2,"minecraft:tall_grass":1,"minecraft:cobblestone":6,"minecraft:spruce_leaves":3,"minecraft:diorite":2,"minecraft:blue_bed":2,"minecraft:spruce_stairs":3,"minecraft:purple_bed":8,"minecraft:wheat":11,"minecraft:spruce_log":8,"minecraft:pumpkin_stem":1,"minecraft:pumpkin":5,"minecraft:grass":30,"biomesoplenty:clover":1,"minecraft:oak_log":279,"minecraft:coal_ore":5,"minecraft:dirt_path":1,"minecraft:dirt":18,"minecraft:gravel":4,"minecraft:sand":19,"biomesoplenty:barley":48,"minecraft:stone":101,"minecraft:oak_leaves":15},"minecraft:crafted":{"minecraft:wooden_sword":1,"minecraft:oak_door":24,"minecraft:oak_planks":80,"minecraft:wooden_shovel":1,"minecraft:crafting_table":1,"minecraft:spruce_planks":40,"minecraft:wooden_pickaxe":1,"minecraft:stick":48,"minecraft:stone_pickaxe":1,"minecraft:wooden_axe":5,"minecraft:chest":2,"minecraft:spruce_boat":2},"minecraft:dropped":{"minecraft:oak_door":24,"minecraft:bread":2,"minecraft:stick":28,"minecraft:potato":6,"minecraft:torch":6,"tombstone:grave_key":1,"minecraft:wooden_pickaxe":1,"minecraft:stone_pickaxe":1,"minecraft:blue_bed":1},"minecraft:picked_up":{"minecraft:wheat":5,"minecraft:crafting_table":3,"minecraft:leather":2,"minecraft:wooden_pickaxe":1,"minecraft:flint":1,"minecraft:oak_log":248,"tombstone:grave_key":1,"minecraft:blue_bed":2,"minecraft:dirt":85,"minecraft:string":1,"minecraft:apple":8,"minecraft:wheat_seeds":27,"minecraft:iron_ingot":18,"minecraft:stone_pickaxe":2,"minecraft:beef":2,"minecraft:chest":2,"minecraft:birch_sapling":2,"minecraft:stick":117,"minecraft:raw_iron":5,"minecraft:pumpkin":5,"minecraft:torch":8,"minecraft:spruce_stairs":2,"minecraft:gravel":4,"minecraft:porkchop":3,"minecraft:sand":19,"minecraft:spruce_sapling":1,"minecraft:diorite":1,"minecraft:white_bed":1,"minecraft:spruce_log":7,"minecraft:pumpkin_seeds":1,"minecraft:purple_bed":8,"minecraft:oak_sapling":64,"minecraft:coal":17,"minecraft:snowball":3,"minecraft:cobblestone":200},"minecraft:used":{"minecraft:wheat_seeds":25,"minecraft:stone_pickaxe":141,"minecraft:chest":4,"minecraft:wooden_pickaxe":29,"minecraft:wooden_shovel":35,"minecraft:stone_hoe":13,"minecraft:torch":2,"minecraft:sand":4,"minecraft:dirt":31,"minecraft:crafting_table":2,"minecraft:pumpkin_seeds":1,"minecraft:wooden_axe":323,"minecraft:apple":3,"minecraft:bread":7,"minecraft:gravel":1,"minecraft:wooden_sword":109,"minecraft:cobblestone":6,"minecraft:purple_bed":8,"tombstone:gift":11,"minecraft:potato":14},"minecraft:killed":{"minecraft:pig":1,"minecraft:spider":1,"minecraft:cow":3},"minecraft:broken":{"minecraft:wooden_axe":4}},"DataVersion":3465}