{"stats":{"minecraft:picked_up":{"minecraft:raw_iron":5,"minecraft:stick":51,"minecraft:crafting_table":3,"minecraft:torch":5,"minecraft:wooden_pickaxe":1,"minecraft:gravel":3,"minecraft:sand":7,"minecraft:flint":1,"tombstone:grave_key":1,"minecraft:oak_log":236,"minecraft:spruce_sapling":1,"minecraft:spruce_log":7,"minecraft:dirt":79,"minecraft:apple":6,"minecraft:wheat_seeds":1,"minecraft:stone_pickaxe":2,"minecraft:oak_sapling":58,"minecraft:chest":2,"minecraft:coal":17,"minecraft:snowball":3,"minecraft:cobblestone":198},"minecraft:broken":{"minecraft:wooden_axe":3},"minecraft:used":{"minecraft:wooden_axe":310,"minecraft:apple":3,"minecraft:bread":2,"minecraft:stone_pickaxe":132,"minecraft:chest":4,"minecraft:wooden_pickaxe":29,"minecraft:cobblestone":6,"minecraft:wooden_shovel":35,"minecraft:gravel":1,"minecraft:sand":4,"minecraft:torch":2,"minecraft:dirt":26,"minecraft:wooden_sword":3,"minecraft:crafting_table":2,"tombstone:gift":1},"minecraft:killed_by":{"minecraft:creeper":1},"minecraft:crafted":{"minecraft:wooden_sword":1,"minecraft:oak_planks":80,"minecraft:wooden_shovel":1,"minecraft:crafting_table":1,"minecraft:spruce_planks":40,"minecraft:stick":48,"minecraft:wooden_pickaxe":1,"minecraft:stone_pickaxe":1,"minecraft:wooden_axe":5,"minecraft:chest":2,"minecraft:spruce_boat":2},"minecraft:dropped":{"minecraft:bread":2,"minecraft:potato":6,"tombstone:grave_key":1,"minecraft:wooden_pickaxe":1,"minecraft:stone_pickaxe":1,"minecraft:stick":28},"minecraft:custom":{"minecraft:time_since_rest":59248,"minecraft:interact_with_smithing_table":1,"minecraft:interact_with_furnace":1,"minecraft:sprint_one_cm":129151,"minecraft:damage_taken":706,"minecraft:walk_one_cm":380560,"minecraft:drop":10,"minecraft:damage_dealt":174,"minecraft:swim_one_cm":1276,"minecraft:interact_with_crafting_table":16,"minecraft:fly_one_cm":53808,"minecraft:open_chest":14,"minecraft:crouch_one_cm":178,"minecraft:play_time":92478,"minecraft:deaths":2,"minecraft:walk_under_water_one_cm":88,"minecraft:bell_ring":14,"minecraft:sneak_time":35,"minecraft:jump":810,"minecraft:leave_game":5,"minecraft:time_since_death":59696,"minecraft:walk_on_water_one_cm":15435,"minecraft:sleep_in_bed":1,"minecraft:climb_one_cm":467,"minecraft:total_world_time":92478,"minecraft:fall_one_cm":11965},"minecraft:mined":{"minecraft:spruce_log":8,"minecraft:crafting_table":3,"minecraft:chest":2,"minecraft:grass":10,"minecraft:dirt_path":1,"minecraft:grass_block":33,"minecraft:oak_log":267,"minecraft:coal_ore":5,"minecraft:sand":7,"minecraft:gravel":3,"minecraft:dirt":17,"minecraft:cobblestone":6,"minecraft:spruce_leaves":3,"minecraft:stone":100,"minecraft:oak_leaves":14}},"DataVersion":3465}