{"stats":{"minecraft:picked_up":{"minecraft:raw_iron":5,"minecraft:stick":17,"minecraft:crafting_table":2,"minecraft:torch":2,"minecraft:gravel":3,"minecraft:flint":1,"tombstone:grave_key":1,"minecraft:oak_log":96,"minecraft:spruce_sapling":1,"minecraft:spruce_log":7,"minecraft:dirt":19,"minecraft:apple":3,"minecraft:oak_sapling":16,"minecraft:coal":17,"minecraft:snowball":3,"minecraft:cobblestone":9},"minecraft:broken":{"minecraft:wooden_axe":2},"minecraft:used":{"minecraft:wooden_axe":135,"minecraft:apple":3,"minecraft:bread":2,"minecraft:stone_pickaxe":33,"minecraft:wooden_pickaxe":14,"minecraft:gravel":1,"minecraft:torch":2,"minecraft:wooden_sword":3,"minecraft:crafting_table":2,"tombstone:gift":1},"minecraft:killed_by":{"minecraft:creeper":1},"minecraft:crafted":{"minecraft:wooden_sword":1,"minecraft:oak_planks":12,"minecraft:crafting_table":1,"minecraft:spruce_planks":40,"minecraft:stick":48,"minecraft:wooden_pickaxe":1,"minecraft:stone_pickaxe":1,"minecraft:wooden_axe":2,"minecraft:spruce_boat":2},"minecraft:dropped":{"minecraft:bread":2,"minecraft:potato":6,"tombstone:grave_key":1,"minecraft:stick":28},"minecraft:custom":{"minecraft:time_since_rest":23248,"minecraft:interact_with_smithing_table":1,"minecraft:interact_with_furnace":1,"minecraft:sprint_one_cm":109210,"minecraft:damage_taken":686,"minecraft:walk_one_cm":264585,"minecraft:drop":8,"minecraft:damage_dealt":174,"minecraft:interact_with_crafting_table":13,"minecraft:fly_one_cm":47236,"minecraft:open_chest":10,"minecraft:crouch_one_cm":178,"minecraft:play_time":56478,"minecraft:deaths":2,"minecraft:bell_ring":14,"minecraft:sneak_time":35,"minecraft:jump":707,"minecraft:leave_game":5,"minecraft:time_since_death":23696,"minecraft:walk_on_water_one_cm":10863,"minecraft:sleep_in_bed":1,"minecraft:climb_one_cm":467,"minecraft:total_world_time":56478,"minecraft:fall_one_cm":10607},"minecraft:mined":{"minecraft:spruce_log":8,"minecraft:crafting_table":2,"minecraft:grass":2,"minecraft:grass_block":2,"minecraft:oak_log":113,"minecraft:coal_ore":5,"minecraft:gravel":3,"minecraft:dirt":2,"minecraft:spruce_leaves":3,"minecraft:stone":6,"minecraft:oak_leaves":8}},"DataVersion":3465}