{"stats":{"minecraft:killed_by":{"minecraft:player":1,"minecraft:skeleton":6,"minecraft:creeper":1,"minecraft:zombie":1},"minecraft:custom":{"minecraft:interact_with_smithing_table":1,"minecraft:interact_with_furnace":1,"minecraft:mob_kills":5,"minecraft:interact_with_crafting_table":21,"minecraft:bell_ring":14,"minecraft:leave_game":9,"minecraft:time_since_death":50301,"minecraft:sleep_in_bed":9,"minecraft:climb_one_cm":467,"minecraft:time_since_rest":5799,"minecraft:sprint_one_cm":355867,"minecraft:damage_taken":3167,"minecraft:walk_one_cm":737529,"minecraft:drop":14,"minecraft:damage_dealt":908,"minecraft:swim_one_cm":8756,"minecraft:fly_one_cm":211362,"minecraft:open_chest":38,"minecraft:crouch_one_cm":6646,"minecraft:play_time":221696,"minecraft:deaths":11,"minecraft:sneak_time":3830,"minecraft:walk_under_water_one_cm":55528,"minecraft:boat_one_cm":477787,"minecraft:jump":1832,"minecraft:walk_on_water_one_cm":54792,"minecraft:total_world_time":221696,"minecraft:fall_one_cm":33021},"minecraft:mined":{"minecraft:crafting_table":3,"minecraft:grass_block":74,"minecraft:chest":2,"minecraft:tall_grass":1,"minecraft:cobblestone":6,"minecraft:spruce_leaves":3,"minecraft:oak_planks":4,"minecraft:diorite":2,"minecraft:blue_bed":2,"minecraft:spruce_stairs":3,"minecraft:purple_bed":8,"minecraft:wheat":11,"minecraft:spruce_log":8,"minecraft:pumpkin_stem":1,"minecraft:pumpkin":5,"minecraft:grass":44,"biomesoplenty:clover":1,"minecraft:oak_stairs":7,"minecraft:oak_log":375,"minecraft:coal_ore":5,"minecraft:dirt_path":1,"minecraft:dirt":21,"minecraft:gravel":4,"minecraft:sand":28,"biomesoplenty:barley":48,"minecraft:stone":101,"minecraft:oak_leaves":55},"minecraft:crafted":{"minecraft:wooden_sword":1,"minecraft:oak_door":24,"minecraft:oak_planks":220,"minecraft:wooden_shovel":1,"minecraft:crafting_table":2,"minecraft:spruce_planks":40,"minecraft:wooden_pickaxe":1,"minecraft:iron_axe":1,"minecraft:stick":48,"minecraft:oak_stairs":12,"minecraft:stone_pickaxe":1,"minecraft:wooden_axe":5,"minecraft:chest":2,"minecraft:spruce_boat":2},"minecraft:dropped":{"minecraft:oak_door":24,"minecraft:bread":2,"minecraft:stick":28,"minecraft:potato":6,"minecraft:torch":6,"tombstone:grave_key":1,"minecraft:wooden_pickaxe":1,"minecraft:stone_pickaxe":1,"minecraft:blue_bed":1},"minecraft:picked_up":{"minecraft:wheat":5,"minecraft:crafting_table":3,"minecraft:leather":2,"minecraft:wooden_pickaxe":1,"minecraft:oak_stairs":7,"minecraft:flint":1,"minecraft:oak_log":346,"tombstone:grave_key":1,"minecraft:blue_bed":2,"minecraft:dirt":126,"minecraft:string":1,"minecraft:apple":11,"minecraft:wheat_seeds":28,"minecraft:iron_ingot":18,"minecraft:stone_pickaxe":2,"minecraft:beef":2,"minecraft:oak_planks":4,"minecraft:chest":2,"minecraft:birch_sapling":2,"minecraft:stick":141,"minecraft:raw_iron":5,"minecraft:pumpkin":5,"minecraft:torch":8,"minecraft:spruce_stairs":2,"minecraft:gravel":4,"minecraft:porkchop":3,"minecraft:sand":31,"minecraft:spruce_sapling":1,"minecraft:diorite":1,"minecraft:white_bed":1,"minecraft:spruce_log":7,"minecraft:pumpkin_seeds":1,"minecraft:purple_bed":8,"minecraft:oak_sapling":96,"minecraft:coal":17,"minecraft:snowball":3,"minecraft:cobblestone":200},"minecraft:used":{"minecraft:wheat_seeds":26,"minecraft:stone_pickaxe":151,"minecraft:oak_planks":106,"minecraft:chest":4,"minecraft:wooden_pickaxe":29,"minecraft:wooden_shovel":59,"minecraft:stone_hoe":22,"minecraft:torch":2,"minecraft:sand":4,"minecraft:dirt":76,"minecraft:crafting_table":3,"minecraft:pumpkin_seeds":6,"minecraft:wooden_axe":334,"minecraft:apple":3,"minecraft:oak_stairs":19,"minecraft:iron_axe":153,"minecraft:bread":7,"minecraft:gravel":1,"minecraft:wooden_sword":109,"minecraft:cobblestone":6,"minecraft:purple_bed":8,"tombstone:gift":11,"minecraft:potato":14},"minecraft:killed":{"minecraft:pig":1,"minecraft:spider":1,"minecraft:cow":3},"minecraft:broken":{"minecraft:wooden_shovel":1,"minecraft:wooden_axe":5}},"DataVersion":3465}