{"stats":{"minecraft:picked_up":{"minecraft:raw_iron":5,"minecraft:stick":9,"minecraft:crafting_table":1,"minecraft:torch":2,"minecraft:gravel":3,"minecraft:flint":1,"minecraft:oak_log":30,"tombstone:grave_key":1,"minecraft:spruce_sapling":1,"minecraft:spruce_log":7,"minecraft:dirt":19,"minecraft:oak_sapling":8,"minecraft:coal":17,"minecraft:snowball":3,"minecraft:cobblestone":9},"minecraft:used":{"minecraft:wooden_axe":36,"minecraft:bread":1,"minecraft:stone_pickaxe":33,"minecraft:wooden_pickaxe":14,"minecraft:gravel":1,"minecraft:torch":2,"minecraft:wooden_sword":3,"minecraft:crafting_table":1,"tombstone:gift":1},"minecraft:killed_by":{"minecraft:creeper":1},"minecraft:crafted":{"minecraft:wooden_sword":1,"minecraft:crafting_table":1,"minecraft:spruce_planks":40,"minecraft:stick":48,"minecraft:wooden_pickaxe":1,"minecraft:stone_pickaxe":1,"minecraft:wooden_axe":1,"minecraft:spruce_boat":2},"minecraft:dropped":{"minecraft:bread":2,"minecraft:potato":6,"tombstone:grave_key":1,"minecraft:stick":28},"minecraft:custom":{"minecraft:time_since_rest":17625,"minecraft:interact_with_smithing_table":1,"minecraft:interact_with_furnace":1,"minecraft:sprint_one_cm":107943,"minecraft:damage_taken":686,"minecraft:walk_one_cm":246558,"minecraft:drop":8,"minecraft:damage_dealt":174,"minecraft:interact_with_crafting_table":11,"minecraft:fly_one_cm":41476,"minecraft:open_chest":10,"minecraft:crouch_one_cm":178,"minecraft:play_time":50855,"minecraft:deaths":2,"minecraft:bell_ring":14,"minecraft:sneak_time":35,"minecraft:jump":640,"minecraft:leave_game":5,"minecraft:time_since_death":18073,"minecraft:walk_on_water_one_cm":2890,"minecraft:sleep_in_bed":1,"minecraft:total_world_time":50855,"minecraft:fall_one_cm":9440},"minecraft:mined":{"minecraft:spruce_log":8,"minecraft:crafting_table":1,"minecraft:grass":2,"minecraft:oak_log":31,"minecraft:grass_block":2,"minecraft:coal_ore":5,"minecraft:gravel":3,"minecraft:dirt":2,"minecraft:spruce_leaves":3,"minecraft:stone":6}},"DataVersion":3465}