{"stats":{"minecraft:picked_up":{"minecraft:crafting_table":3,"minecraft:wooden_pickaxe":1,"minecraft:flint":1,"minecraft:oak_log":236,"tombstone:grave_key":1,"minecraft:string":1,"minecraft:dirt":79,"minecraft:apple":6,"minecraft:wheat_seeds":1,"minecraft:stone_pickaxe":2,"minecraft:chest":2,"minecraft:stick":51,"minecraft:raw_iron":5,"minecraft:torch":8,"minecraft:spruce_stairs":2,"minecraft:gravel":3,"minecraft:sand":7,"minecraft:spruce_sapling":1,"minecraft:diorite":1,"minecraft:spruce_log":7,"minecraft:oak_sapling":58,"minecraft:coal":17,"minecraft:snowball":3,"minecraft:cobblestone":199},"minecraft:broken":{"minecraft:wooden_axe":3},"minecraft:used":{"minecraft:stone_pickaxe":137,"minecraft:chest":4,"minecraft:wooden_pickaxe":29,"minecraft:wooden_shovel":35,"minecraft:torch":2,"minecraft:dirt":29,"minecraft:sand":4,"minecraft:crafting_table":2,"minecraft:wooden_axe":310,"minecraft:apple":3,"minecraft:bread":2,"minecraft:gravel":1,"minecraft:wooden_sword":12,"minecraft:cobblestone":6,"tombstone:gift":5},"minecraft:killed_by":{"minecraft:skeleton":1,"minecraft:creeper":1},"minecraft:crafted":{"minecraft:wooden_sword":1,"minecraft:oak_door":24,"minecraft:oak_planks":80,"minecraft:wooden_shovel":1,"minecraft:crafting_table":1,"minecraft:spruce_planks":40,"minecraft:wooden_pickaxe":1,"minecraft:stick":48,"minecraft:stone_pickaxe":1,"minecraft:wooden_axe":5,"minecraft:chest":2,"minecraft:spruce_boat":2},"minecraft:dropped":{"minecraft:oak_door":24,"minecraft:bread":2,"minecraft:stick":28,"minecraft:potato":6,"minecraft:torch":6,"tombstone:grave_key":1,"minecraft:stone_pickaxe":1,"minecraft:wooden_pickaxe":1},"minecraft:custom":{"minecraft:interact_with_smithing_table":1,"minecraft:interact_with_furnace":1,"minecraft:mob_kills":1,"minecraft:interact_with_crafting_table":18,"minecraft:bell_ring":14,"minecraft:leave_game":5,"minecraft:time_since_death":13135,"minecraft:sleep_in_bed":3,"minecraft:climb_one_cm":467,"minecraft:time_since_rest":3760,"minecraft:sprint_one_cm":129864,"minecraft:damage_taken":856,"minecraft:walk_one_cm":442040,"minecraft:drop":13,"minecraft:damage_dealt":335,"minecraft:swim_one_cm":1276,"minecraft:fly_one_cm":54286,"minecraft:open_chest":18,"minecraft:crouch_one_cm":281,"minecraft:play_time":116478,"minecraft:deaths":3,"minecraft:sneak_time":48,"minecraft:walk_under_water_one_cm":9010,"minecraft:jump":876,"minecraft:walk_on_water_one_cm":18811,"minecraft:total_world_time":116478,"minecraft:fall_one_cm":11965},"minecraft:mined":{"minecraft:crafting_table":3,"minecraft:grass_block":33,"minecraft:chest":2,"minecraft:cobblestone":6,"minecraft:spruce_leaves":3,"minecraft:diorite":2,"minecraft:spruce_stairs":2,"minecraft:spruce_log":8,"minecraft:grass":10,"minecraft:coal_ore":5,"minecraft:oak_log":267,"minecraft:dirt_path":1,"minecraft:dirt":17,"minecraft:gravel":3,"minecraft:sand":7,"minecraft:stone":101,"minecraft:oak_leaves":14},"minecraft:killed":{"minecraft:spider":1}},"DataVersion":3465}