{"stats":{"minecraft:killed":{"minecraft:spider":1,"minecraft:pig":1,"minecraft:cow":3},"minecraft:mined":{"minecraft:spruce_planks":1,"minecraft:white_bed":3,"minecraft:oak_sapling":2,"minecraft:granite":43,"minecraft:grass_block":249,"minecraft:spruce_leaves":3,"minecraft:pumpkin":5,"minecraft:dirt_path":1,"minecraft:oak_stairs":15,"biomesoplenty:barley":48,"minecraft:stone":303,"minecraft:crafting_table":4,"minecraft:chest":2,"minecraft:tall_grass":1,"minecraft:copper_ore":2,"minecraft:cobblestone":8,"minecraft:oak_planks":63,"minecraft:diorite":3,"minecraft:blue_bed":2,"minecraft:wall_torch":1,"minecraft:spruce_stairs":3,"minecraft:birch_planks":11,"minecraft:purple_bed":10,"minecraft:birch_log":87,"minecraft:wheat":11,"minecraft:birch_door":7,"minecraft:spruce_log":8,"minecraft:birch_leaves":1,"minecraft:pumpkin_stem":1,"minecraft:grass":48,"biomesoplenty:clover":1,"minecraft:oak_log":496,"minecraft:coal_ore":6,"minecraft:gravel":4,"minecraft:sand":42,"minecraft:dirt":158,"minecraft:oak_leaves":96,"minecraft:birch_fence":10},"minecraft:used":{"minecraft:stone_shovel":61,"minecraft:chest":5,"minecraft:spruce_planks":1,"minecraft:stone":21,"minecraft:wooden_shovel":177,"minecraft:stone_hoe":22,"minecraft:torch":3,"minecraft:dirt":126,"minecraft:granite":50,"minecraft:birch_door":9,"minecraft:glass":50,"minecraft:wooden_axe":391,"minecraft:iron_axe":461,"minecraft:oak_stairs":73,"minecraft:birch_sapling":21,"minecraft:oak_sapling":51,"tombstone:gift":11,"minecraft:potato":14,"minecraft:wheat_seeds":26,"minecraft:diorite":1,"minecraft:birch_planks":27,"minecraft:stone_pickaxe":373,"minecraft:oak_planks":632,"minecraft:wooden_pickaxe":58,"minecraft:sand":4,"minecraft:crafting_table":4,"minecraft:white_bed":4,"minecraft:spruce_log":2,"minecraft:pumpkin_seeds":6,"minecraft:birch_fence":125,"minecraft:oak_log":11,"minecraft:apple":9,"minecraft:bread":10,"minecraft:gravel":2,"minecraft:wooden_sword":112,"minecraft:cobblestone":6,"minecraft:purple_bed":10,"minecraft:andesite":2},"minecraft:picked_up":{"minecraft:birch_door":7,"minecraft:crafting_table":4,"minecraft:wheat":6,"minecraft:wooden_pickaxe":1,"minecraft:oak_stairs":15,"tombstone:grave_key":1,"minecraft:string":1,"minecraft:raw_copper":6,"minecraft:wooden_sword":1,"minecraft:birch_fence":22,"minecraft:spruce_planks":2,"minecraft:beef":2,"minecraft:chest":2,"minecraft:birch_sapling":34,"minecraft:stick":176,"minecraft:raw_iron":5,"minecraft:stone":13,"minecraft:oak_fence":9,"minecraft:torch":11,"minecraft:spruce_stairs":2,"minecraft:porkchop":3,"minecraft:diorite":2,"minecraft:stone_shovel":1,"minecraft:snowball":3,"minecraft:cobblestone":448,"minecraft:birch_log":140,"minecraft:andesite":2,"minecraft:leather":2,"minecraft:birch_planks":13,"minecraft:flint":1,"minecraft:oak_log":474,"minecraft:blue_bed":2,"minecraft:dirt":450,"minecraft:glass":4,"minecraft:apple":14,"minecraft:wheat_seeds":31,"minecraft:stone_pickaxe":2,"minecraft:iron_ingot":18,"minecraft:oak_planks":245,"minecraft:pumpkin":5,"minecraft:gravel":4,"minecraft:sand":44,"minecraft:white_bed":4,"minecraft:spruce_sapling":1,"minecraft:spruce_log":7,"minecraft:pumpkin_seeds":4,"minecraft:purple_bed":11,"minecraft:granite":50,"minecraft:oak_sapling":137,"minecraft:coal":23},"minecraft:broken":{"minecraft:wooden_shovel":3,"minecraft:wooden_pickaxe":1,"minecraft:iron_axe":1,"minecraft:wooden_axe":5,"minecraft:stone_shovel":1},"minecraft:killed_by":{"minecraft:player":1,"minecraft:creeper":1,"minecraft:skeleton":6,"minecraft:zombie":2},"minecraft:dropped":{"minecraft:bread":2,"minecraft:birch_planks":3,"minecraft:porkchop":3,"minecraft:wheat_seeds":4,"minecraft:cobblestone":64,"minecraft:stick":28,"minecraft:dirt":17,"minecraft:birch_fence":1,"minecraft:torch":6,"tombstone:grave_key":1,"minecraft:oak_stairs":1,"minecraft:wooden_sword":1,"minecraft:blue_bed":1,"minecraft:oak_door":24,"minecraft:birch_sapling":13,"minecraft:wheat":3,"minecraft:potato":6,"minecraft:stone":13,"minecraft:purple_bed":1,"minecraft:glass":3,"minecraft:wooden_pickaxe":1,"minecraft:stone_pickaxe":5},"minecraft:crafted":{"minecraft:wooden_sword":1,"minecraft:oak_door":27,"minecraft:oak_planks":808,"minecraft:stone":33,"minecraft:glass":51,"minecraft:iron_axe":2,"minecraft:stone_pickaxe":1,"minecraft:chest":3,"minecraft:birch_door":3,"minecraft:spruce_boat":2,"minecraft:wooden_shovel":3,"minecraft:crafting_table":2,"minecraft:spruce_planks":40,"minecraft:wooden_pickaxe":1,"minecraft:birch_planks":232,"minecraft:birch_fence":120,"minecraft:stick":48,"minecraft:oak_stairs":80,"minecraft:wooden_axe":6},"minecraft:custom":{"minecraft:interact_with_smithing_table":1,"minecraft:mob_kills":5,"minecraft:interact_with_crafting_table":54,"minecraft:bell_ring":14,"minecraft:leave_game":10,"minecraft:time_since_death":141805,"minecraft:climb_one_cm":467,"minecraft:sprint_one_cm":467903,"minecraft:walk_one_cm":1370438,"minecraft:drop":37,"minecraft:play_time":370770,"minecraft:deaths":12,"minecraft:sneak_time":9727,"minecraft:walk_under_water_one_cm":66893,"minecraft:boat_one_cm":477787,"minecraft:jump":2347,"minecraft:walk_on_water_one_cm":65622,"minecraft:total_world_time":370770,"minecraft:interact_with_furnace":13,"minecraft:sleep_in_bed":22,"minecraft:time_since_rest":1555,"minecraft:damage_taken":3732,"minecraft:damage_dealt":992,"minecraft:swim_one_cm":8756,"minecraft:fly_one_cm":224705,"minecraft:open_chest":62,"minecraft:crouch_one_cm":20931,"minecraft:fall_one_cm":41110}},"DataVersion":3465}