{"stats":{"minecraft:picked_up":{"minecraft:raw_iron":5,"minecraft:stick":3,"minecraft:crafting_table":1,"minecraft:torch":2,"minecraft:gravel":3,"minecraft:flint":1,"tombstone:grave_key":1,"minecraft:spruce_sapling":1,"minecraft:spruce_log":7,"minecraft:dirt":17,"minecraft:coal":17,"minecraft:snowball":3,"minecraft:cobblestone":9},"minecraft:used":{"minecraft:stone_pickaxe":33,"minecraft:wooden_pickaxe":14,"minecraft:gravel":1,"minecraft:torch":1,"minecraft:wooden_sword":3,"minecraft:crafting_table":1,"tombstone:gift":1},"minecraft:killed_by":{"minecraft:creeper":1},"minecraft:dropped":{"tombstone:grave_key":1,"minecraft:stick":28},"minecraft:crafted":{"minecraft:wooden_sword":1,"minecraft:crafting_table":1,"minecraft:spruce_planks":28,"minecraft:stick":32,"minecraft:wooden_pickaxe":1,"minecraft:stone_pickaxe":1,"minecraft:wooden_axe":1},"minecraft:custom":{"minecraft:time_since_rest":3306,"minecraft:interact_with_smithing_table":1,"minecraft:interact_with_furnace":1,"minecraft:sprint_one_cm":60650,"minecraft:damage_taken":436,"minecraft:walk_one_cm":160124,"minecraft:drop":3,"minecraft:damage_dealt":174,"minecraft:interact_with_crafting_table":6,"minecraft:fly_one_cm":27255,"minecraft:open_chest":6,"minecraft:crouch_one_cm":174,"minecraft:play_time":36536,"minecraft:deaths":2,"minecraft:bell_ring":14,"minecraft:sneak_time":25,"minecraft:jump":430,"minecraft:leave_game":3,"minecraft:time_since_death":3754,"minecraft:sleep_in_bed":1,"minecraft:total_world_time":36536,"minecraft:fall_one_cm":7026},"minecraft:mined":{"minecraft:spruce_log":8,"minecraft:crafting_table":1,"minecraft:grass":2,"minecraft:grass_block":1,"minecraft:coal_ore":5,"minecraft:gravel":3,"minecraft:dirt":2,"minecraft:spruce_leaves":3,"minecraft:stone":6}},"DataVersion":3465}