{"stats":{"minecraft:killed_by":{"minecraft:player":1},"minecraft:custom":{"minecraft:time_since_rest":7999,"minecraft:crouch_one_cm":320,"minecraft:sprint_one_cm":7269,"minecraft:play_time":9923,"minecraft:deaths":1,"minecraft:damage_taken":370,"minecraft:walk_one_cm":29158,"minecraft:sneak_time":43,"minecraft:drop":9,"minecraft:jump":36,"minecraft:damage_dealt":135,"minecraft:leave_game":1,"minecraft:time_since_death":8191,"minecraft:total_world_time":9923,"minecraft:fall_one_cm":209,"minecraft:fly_one_cm":3443},"minecraft:picked_up":{"minecraft:rotten_flesh":6,"minecraft:rabbit_hide":1,"minecraft:rabbit":1,"minecraft:dirt":9,"minecraft:rabbit_foot":1},"minecraft:dropped":{"minecraft:rotten_flesh":6,"minecraft:rabbit_hide":1,"minecraft:rabbit":1,"minecraft:rabbit_foot":1},"minecraft:used":{"minecraft:dirt":9,"alexsmobs:animal_dictionary":4},"minecraft:mined":{"minecraft:grass_block":2,"minecraft:dirt":7}},"DataVersion":3465}