{"stats":{"minecraft:picked_up":{"minecraft:wooden_axe":2,"minecraft:birch_log":19,"minecraft:red_mushroom":1,"biomesoplenty:dead_log":2,"minecraft:flint":2,"minecraft:stripped_spruce_wood":1,"minecraft:oak_log":77,"minecraft:blue_bed":1,"minecraft:dirt":135,"minecraft:apple":4,"minecraft:wheat_seeds":2,"minecraft:rabbit_hide":1,"minecraft:spruce_planks":13,"minecraft:stone_pickaxe":1,"minecraft:rabbit":1,"minecraft:fletching_table":1,"minecraft:spruce_slab":1,"minecraft:sugar_cane":10,"minecraft:birch_sapling":1,"minecraft:raw_iron":3,"minecraft:stick":51,"minecraft:torch":2,"minecraft:spruce_stairs":1,"minecraft:gravel":13,"minecraft:diorite":3,"minecraft:stripped_spruce_log":9,"minecraft:spruce_sapling":25,"minecraft:spruce_log":65,"minecraft:spruce_door":2,"minecraft:spider_eye":1,"minecraft:rabbit_foot":1,"biomesoplenty:maple_sapling":2,"minecraft:rotten_flesh":6,"minecraft:oak_sapling":54,"minecraft:black_wool":1,"minecraft:mutton":8,"minecraft:coal":25,"minecraft:white_wool":4,"minecraft:cobblestone":353},"minecraft:broken":{"minecraft:stone_pickaxe":2,"minecraft:wooden_axe":3,"minecraft:wooden_pickaxe":1},"minecraft:used":{"minecraft:cooked_mutton":5,"minecraft:diorite":3,"minecraft:stone_sword":1,"minecraft:spruce_door":1,"minecraft:stone_pickaxe":442,"minecraft:oak_planks":28,"minecraft:spruce_planks":68,"minecraft:wooden_pickaxe":59,"minecraft:fletching_table":1,"minecraft:blue_bed":1,"minecraft:sugar_cane":10,"minecraft:torch":27,"minecraft:dirt":73,"minecraft:crafting_table":5,"minecraft:spruce_stairs":6,"minecraft:spruce_log":17,"minecraft:stripped_spruce_log":3,"minecraft:birch_door":2,"minecraft:wooden_axe":179,"minecraft:spruce_sapling":5,"minecraft:stone_axe":81,"minecraft:cobblestone":139,"minecraft:furnace":4,"tombstone:gift":2,"alexsmobs:animal_dictionary":5},"minecraft:dropped":{"minecraft:rotten_flesh":6,"minecraft:rabbit_foot":1,"minecraft:rabbit_hide":1,"minecraft:wooden_axe":2,"minecraft:rabbit":1,"minecraft:spruce_log":1,"minecraft:stone_pickaxe":2},"minecraft:killed_by":{"minecraft:player":1,"minecraft:skeleton":2},"minecraft:crafted":{"biomesoplenty:dead_planks":4,"minecraft:oak_planks":52,"minecraft:crafting_table":5,"minecraft:spruce_planks":80,"minecraft:wooden_pickaxe":1,"minecraft:furnace":4,"minecraft:birch_planks":8,"minecraft:stone_axe":2,"minecraft:cooked_mutton":8,"minecraft:spruce_stairs":4,"minecraft:charcoal":2,"minecraft:stick":8,"minecraft:stone_pickaxe":6,"minecraft:wooden_axe":3,"minecraft:stone_sword":1,"minecraft:birch_door":3,"minecraft:torch":32},"minecraft:custom":{"minecraft:interact_with_furnace":5,"minecraft:mob_kills":7,"minecraft:interact_with_crafting_table":10,"minecraft:leave_game":3,"minecraft:time_since_death":42213,"minecraft:sleep_in_bed":1,"minecraft:time_since_rest":42152,"minecraft:sprint_one_cm":133728,"minecraft:damage_taken":1150,"minecraft:walk_one_cm":447446,"minecraft:drop":14,"minecraft:damage_dealt":994,"minecraft:swim_one_cm":1130,"minecraft:fly_one_cm":36094,"minecraft:open_chest":9,"minecraft:crouch_one_cm":1469,"minecraft:deaths":3,"minecraft:play_time":92878,"tombstone:undead_killed":1,"minecraft:sneak_time":718,"minecraft:walk_under_water_one_cm":46742,"minecraft:jump":565,"minecraft:walk_on_water_one_cm":36533,"minecraft:total_world_time":92878,"minecraft:fall_one_cm":10428},"minecraft:mined":{"minecraft:spruce_planks":25,"minecraft:glass_pane":1,"minecraft:spruce_door":2,"minecraft:grass_block":21,"minecraft:cobblestone":18,"minecraft:spruce_leaves":13,"minecraft:sugar_cane":1,"minecraft:diorite":4,"minecraft:wall_torch":1,"minecraft:blue_bed":1,"minecraft:spruce_stairs":1,"minecraft:stripped_spruce_wood":7,"minecraft:birch_log":19,"minecraft:iron_ore":3,"minecraft:spruce_log":66,"minecraft:birch_leaves":1,"minecraft:stripped_spruce_log":10,"minecraft:fletching_table":1,"minecraft:grass":6,"biomesoplenty:dead_log":2,"minecraft:coal_ore":25,"minecraft:oak_log":86,"minecraft:dirt_path":8,"minecraft:gravel":15,"minecraft:dirt":126,"minecraft:stone":435,"minecraft:oak_leaves":6,"minecraft:spruce_slab":4},"minecraft:killed":{"minecraft:spider":1,"minecraft:sheep":5,"minecraft:zombie":1}},"DataVersion":3465}