{"stats":{"minecraft:killed_by":{"minecraft:player":1},"minecraft:crafted":{"minecraft:spruce_stairs":4,"minecraft:crafting_table":1,"minecraft:spruce_planks":28,"minecraft:wooden_axe":1},"minecraft:custom":{"minecraft:time_since_rest":19999,"minecraft:sprint_one_cm":34494,"minecraft:damage_taken":405,"minecraft:walk_one_cm":102359,"minecraft:mob_kills":1,"minecraft:drop":9,"minecraft:damage_dealt":343,"minecraft:interact_with_crafting_table":2,"minecraft:fly_one_cm":11675,"minecraft:crouch_one_cm":451,"minecraft:play_time":21923,"tombstone:undead_killed":1,"minecraft:deaths":1,"minecraft:sneak_time":60,"minecraft:jump":125,"minecraft:leave_game":1,"minecraft:time_since_death":20191,"minecraft:total_world_time":21923,"minecraft:fall_one_cm":1354},"minecraft:picked_up":{"minecraft:stick":6,"minecraft:stripped_spruce_wood":1,"minecraft:stripped_spruce_log":9,"minecraft:spruce_sapling":2,"minecraft:spruce_log":9,"minecraft:spruce_door":1,"minecraft:rabbit_foot":1,"minecraft:dirt":10,"minecraft:blue_bed":1,"minecraft:rotten_flesh":6,"minecraft:rabbit_hide":1,"minecraft:spruce_planks":9,"minecraft:rabbit":1},"minecraft:killed":{"minecraft:zombie":1},"minecraft:dropped":{"minecraft:rabbit_hide":1,"minecraft:rabbit":1,"minecraft:rotten_flesh":6,"minecraft:rabbit_foot":1},"minecraft:mined":{"minecraft:spruce_planks":20,"minecraft:glass_pane":1,"minecraft:stripped_spruce_wood":6,"minecraft:spruce_log":11,"minecraft:spruce_door":1,"minecraft:stripped_spruce_log":10,"minecraft:grass_block":3,"minecraft:dirt":7,"minecraft:spruce_leaves":6,"minecraft:spruce_slab":4,"minecraft:blue_bed":1},"minecraft:used":{"minecraft:wooden_axe":47,"minecraft:spruce_planks":22,"minecraft:spruce_sapling":2,"minecraft:dirt":10,"minecraft:crafting_table":1,"minecraft:spruce_stairs":2,"alexsmobs:animal_dictionary":4,"minecraft:stripped_spruce_log":3}},"DataVersion":3465}