{"stats":{"minecraft:picked_up":{"minecraft:wooden_axe":2,"minecraft:birch_log":7,"minecraft:red_mushroom":1,"biomesoplenty:dead_log":2,"minecraft:stripped_spruce_wood":1,"minecraft:oak_log":10,"minecraft:blue_bed":1,"minecraft:dirt":33,"minecraft:rabbit_hide":1,"minecraft:spruce_planks":13,"minecraft:rabbit":1,"minecraft:fletching_table":1,"minecraft:spruce_slab":1,"minecraft:sugar_cane":10,"minecraft:stick":28,"minecraft:stripped_spruce_log":9,"minecraft:spruce_sapling":25,"minecraft:spruce_log":62,"minecraft:spruce_door":2,"minecraft:spider_eye":1,"minecraft:rabbit_foot":1,"biomesoplenty:maple_sapling":2,"minecraft:rotten_flesh":6,"minecraft:black_wool":1,"minecraft:mutton":8,"minecraft:coal":25,"minecraft:white_wool":4,"minecraft:cobblestone":15},"minecraft:broken":{"minecraft:wooden_axe":2},"minecraft:used":{"minecraft:spruce_door":1,"minecraft:spruce_planks":68,"minecraft:wooden_pickaxe":43,"minecraft:fletching_table":1,"minecraft:blue_bed":1,"minecraft:torch":1,"minecraft:dirt":14,"minecraft:crafting_table":3,"minecraft:spruce_stairs":5,"minecraft:spruce_log":2,"minecraft:stripped_spruce_log":3,"minecraft:wooden_axe":158,"minecraft:spruce_sapling":5,"tombstone:gift":2,"alexsmobs:animal_dictionary":5},"minecraft:dropped":{"minecraft:rotten_flesh":6,"minecraft:rabbit_foot":1,"minecraft:rabbit_hide":1,"minecraft:wooden_axe":2,"minecraft:rabbit":1,"minecraft:spruce_log":1},"minecraft:killed_by":{"minecraft:player":1,"minecraft:skeleton":2},"minecraft:crafted":{"minecraft:oak_planks":16,"minecraft:crafting_table":3,"minecraft:spruce_planks":80,"minecraft:wooden_pickaxe":1,"minecraft:spruce_stairs":4,"minecraft:charcoal":2,"minecraft:wooden_axe":3,"minecraft:torch":8},"minecraft:custom":{"minecraft:interact_with_furnace":1,"minecraft:mob_kills":7,"minecraft:interact_with_crafting_table":5,"minecraft:leave_game":3,"minecraft:time_since_death":6213,"minecraft:sleep_in_bed":1,"minecraft:time_since_rest":6152,"minecraft:sprint_one_cm":132208,"minecraft:damage_taken":880,"minecraft:walk_one_cm":317788,"minecraft:drop":12,"minecraft:damage_dealt":994,"minecraft:fly_one_cm":36094,"minecraft:open_chest":7,"minecraft:crouch_one_cm":1116,"minecraft:deaths":3,"minecraft:play_time":56878,"tombstone:undead_killed":1,"minecraft:sneak_time":136,"minecraft:walk_under_water_one_cm":2768,"minecraft:jump":496,"minecraft:walk_on_water_one_cm":14604,"minecraft:total_world_time":56878,"minecraft:fall_one_cm":10093},"minecraft:mined":{"minecraft:spruce_planks":25,"minecraft:glass_pane":1,"minecraft:spruce_door":2,"minecraft:grass_block":18,"minecraft:spruce_leaves":13,"minecraft:sugar_cane":1,"minecraft:blue_bed":1,"minecraft:stripped_spruce_wood":7,"minecraft:birch_log":7,"minecraft:spruce_log":63,"minecraft:stripped_spruce_log":10,"minecraft:fletching_table":1,"minecraft:grass":2,"biomesoplenty:dead_log":2,"minecraft:coal_ore":25,"minecraft:oak_log":16,"minecraft:dirt_path":8,"minecraft:dirt":13,"minecraft:stone":15,"minecraft:oak_leaves":2,"minecraft:spruce_slab":4},"minecraft:killed":{"minecraft:spider":1,"minecraft:sheep":5,"minecraft:zombie":1}},"DataVersion":3465}