{"stats":{"minecraft:killed":{"minecraft:spider":1,"minecraft:squid":1,"minecraft:sheep":5,"minecraft:zombie":9},"minecraft:mined":{"minecraft:spruce_planks":25,"minecraft:oak_sapling":4,"minecraft:cobblestone_stairs":8,"minecraft:granite":50,"minecraft:grass_block":115,"minecraft:spruce_leaves":13,"minecraft:iron_ore":6,"minecraft:andesite":10,"minecraft:stripped_spruce_log":10,"minecraft:fletching_table":1,"minecraft:dirt_path":8,"minecraft:oak_stairs":7,"minecraft:stone":760,"minecraft:spruce_slab":4,"minecraft:birch_stairs":19,"minecraft:glass_pane":1,"minecraft:spruce_door":2,"minecraft:torch":1,"minecraft:chest":1,"minecraft:cobblestone":39,"minecraft:sugar_cane":1,"minecraft:oak_planks":103,"minecraft:diorite":16,"minecraft:blue_bed":3,"minecraft:wall_torch":8,"minecraft:birch_sapling":3,"minecraft:spruce_stairs":2,"minecraft:birch_planks":83,"minecraft:stripped_spruce_wood":7,"minecraft:birch_log":363,"minecraft:spruce_log":66,"minecraft:birch_leaves":1,"minecraft:birch_door":2,"minecraft:grass":57,"biomesoplenty:dead_log":2,"minecraft:oak_log":514,"minecraft:coal_ore":84,"minecraft:gravel":15,"minecraft:sand":94,"minecraft:dirt":403,"minecraft:cobweb":1,"minecraft:oak_leaves":41,"minecraft:birch_fence":5},"minecraft:used":{"minecraft:oak_fence":13,"minecraft:stone_sword":62,"minecraft:stone_shovel":204,"minecraft:chest":5,"minecraft:spruce_planks":68,"minecraft:iron_sword":2,"minecraft:stone_hoe":64,"minecraft:oak_door":7,"minecraft:torch":79,"minecraft:dirt":314,"minecraft:spruce_stairs":46,"minecraft:granite":43,"minecraft:stripped_spruce_log":3,"minecraft:birch_door":7,"minecraft:glass":56,"minecraft:wooden_axe":179,"minecraft:oak_stairs":51,"minecraft:birch_sapling":97,"minecraft:oak_sapling":131,"minecraft:furnace":6,"tombstone:gift":3,"minecraft:wheat_seeds":8,"minecraft:cooked_mutton":8,"minecraft:diorite":8,"minecraft:cobblestone_stairs":55,"minecraft:spruce_door":1,"minecraft:birch_planks":497,"minecraft:stone_pickaxe":683,"minecraft:oak_planks":1108,"minecraft:wooden_pickaxe":59,"minecraft:cobblestone_slab":30,"minecraft:sugar_cane":10,"minecraft:blue_bed":2,"minecraft:fletching_table":1,"minecraft:oak_slab":1,"minecraft:crafting_table":9,"minecraft:campfire":2,"minecraft:spruce_log":17,"minecraft:birch_fence":55,"minecraft:oak_log":50,"minecraft:apple":14,"minecraft:bread":1,"minecraft:iron_pickaxe":250,"minecraft:spruce_sapling":5,"minecraft:gravel":2,"minecraft:stone_axe":1193,"minecraft:cobblestone":488,"minecraft:andesite":8,"minecraft:birch_log":96,"alexsmobs:animal_dictionary":5,"minecraft:birch_stairs":45},"minecraft:picked_up":{"minecraft:wooden_axe":2,"minecraft:birch_door":2,"minecraft:wheat":3,"minecraft:oak_stairs":7,"tombstone:grave_key":1,"minecraft:string":1,"minecraft:birch_fence":5,"minecraft:spruce_planks":13,"minecraft:spruce_slab":1,"minecraft:sugar_cane":10,"minecraft:chest":1,"minecraft:birch_sapling":98,"minecraft:stick":258,"minecraft:raw_iron":6,"minecraft:stone":13,"minecraft:oak_door":24,"minecraft:torch":14,"minecraft:spruce_stairs":3,"minecraft:porkchop":6,"tombstone:grave_dust":2,"minecraft:diorite":15,"minecraft:rabbit_foot":1,"minecraft:rotten_flesh":14,"minecraft:mutton":8,"minecraft:white_wool":4,"minecraft:cobblestone":706,"minecraft:birch_log":361,"minecraft:birch_slab":2,"minecraft:glow_ink_sac":1,"minecraft:andesite":8,"minecraft:red_mushroom":1,"biomesoplenty:dead_log":2,"minecraft:birch_planks":78,"minecraft:flint":2,"minecraft:stripped_spruce_wood":1,"minecraft:oak_log":478,"minecraft:cobblestone_stairs":7,"minecraft:dirt":488,"minecraft:blue_bed":2,"minecraft:glass":2,"minecraft:apple":20,"minecraft:wheat_seeds":10,"minecraft:rabbit_hide":1,"minecraft:iron_ingot":28,"minecraft:stone_pickaxe":5,"minecraft:fletching_table":1,"minecraft:rabbit":1,"minecraft:oak_planks":106,"minecraft:gravel":13,"minecraft:birch_stairs":70,"minecraft:sand":91,"minecraft:stripped_spruce_log":9,"minecraft:spruce_sapling":25,"minecraft:ink_sac":1,"minecraft:spruce_log":65,"minecraft:spruce_door":2,"minecraft:spider_eye":1,"biomesoplenty:maple_sapling":2,"minecraft:granite":43,"minecraft:bread":1,"minecraft:oak_sapling":188,"minecraft:black_wool":1,"minecraft:coal":79},"minecraft:broken":{"minecraft:wooden_pickaxe":1,"minecraft:stone_pickaxe":8,"minecraft:stone_axe":8,"minecraft:iron_pickaxe":1,"minecraft:wooden_axe":3,"minecraft:stone_shovel":1},"minecraft:killed_by":{"minecraft:player":1,"minecraft:spider":2,"minecraft:skeleton":4,"minecraft:zombie":2},"minecraft:dropped":{"minecraft:iron_ingot":18,"minecraft:bread":1,"minecraft:birch_planks":21,"minecraft:porkchop":3,"minecraft:oak_log":21,"minecraft:oak_fence":9,"minecraft:apple":2,"minecraft:birch_slab":1,"minecraft:stick":57,"minecraft:birch_fence":12,"minecraft:ink_sac":1,"tombstone:grave_key":1,"minecraft:wooden_axe":2,"minecraft:rabbit":1,"minecraft:birch_log":53,"minecraft:birch_stairs":61,"minecraft:stone_shovel":1,"minecraft:rotten_flesh":6,"minecraft:oak_planks":194,"minecraft:rabbit_foot":1,"minecraft:rabbit_hide":1,"minecraft:stone":13,"minecraft:spruce_log":1,"minecraft:stone_pickaxe":2,"minecraft:glass":31},"minecraft:crafted":{"minecraft:oak_planks":1370,"minecraft:cobblestone_slab":30,"minecraft:stone_shovel":2,"minecraft:furnace":6,"minecraft:cobblestone_stairs":48,"minecraft:cooked_mutton":8,"minecraft:glass":85,"minecraft:spruce_stairs":88,"minecraft:stone_pickaxe":8,"minecraft:chest":4,"minecraft:birch_door":6,"minecraft:stone_hoe":1,"minecraft:oak_fence":24,"biomesoplenty:dead_planks":4,"minecraft:oak_slab":6,"minecraft:crafting_table":9,"minecraft:spruce_planks":96,"minecraft:wooden_pickaxe":1,"minecraft:iron_helmet":1,"minecraft:iron_sword":1,"minecraft:birch_planks":692,"minecraft:campfire":2,"minecraft:stone_axe":9,"minecraft:bread":1,"minecraft:charcoal":2,"minecraft:birch_fence":63,"minecraft:stick":36,"minecraft:iron_pickaxe":1,"minecraft:oak_stairs":44,"minecraft:wooden_axe":3,"minecraft:stone_sword":1,"minecraft:torch":72,"minecraft:birch_stairs":60},"minecraft:custom":{"minecraft:mob_kills":17,"minecraft:interact_with_crafting_table":67,"minecraft:leave_game":7,"minecraft:time_since_death":3512,"minecraft:sprint_one_cm":463019,"minecraft:walk_one_cm":1636421,"minecraft:drop":172,"minecraft:play_time":359082,"minecraft:deaths":19,"minecraft:sneak_time":11179,"minecraft:walk_under_water_one_cm":297466,"minecraft:jump":1776,"minecraft:walk_on_water_one_cm":88804,"minecraft:total_world_time":359082,"minecraft:interact_with_furnace":23,"minecraft:sleep_in_bed":23,"minecraft:time_since_rest":837,"minecraft:damage_taken":6118,"minecraft:damage_dealt":2904,"minecraft:swim_one_cm":4841,"minecraft:fly_one_cm":62156,"minecraft:open_chest":24,"minecraft:crouch_one_cm":30107,"tombstone:undead_killed":9,"minecraft:fall_one_cm":55636}},"DataVersion":3465}