{"stats":{"minecraft:picked_up":{"minecraft:wooden_axe":2,"minecraft:birch_log":19,"minecraft:glow_ink_sac":1,"minecraft:red_mushroom":1,"biomesoplenty:dead_log":2,"minecraft:flint":2,"minecraft:stripped_spruce_wood":1,"minecraft:oak_log":77,"tombstone:grave_key":1,"minecraft:string":1,"minecraft:blue_bed":1,"minecraft:dirt":153,"minecraft:apple":4,"minecraft:wheat_seeds":2,"minecraft:rabbit_hide":1,"minecraft:spruce_planks":13,"minecraft:stone_pickaxe":1,"minecraft:rabbit":1,"minecraft:fletching_table":1,"minecraft:spruce_slab":1,"minecraft:chest":1,"minecraft:sugar_cane":10,"minecraft:birch_sapling":1,"minecraft:raw_iron":3,"minecraft:stick":51,"minecraft:oak_door":24,"minecraft:torch":10,"minecraft:spruce_stairs":3,"minecraft:gravel":13,"minecraft:diorite":7,"minecraft:stripped_spruce_log":9,"minecraft:spruce_sapling":25,"minecraft:spruce_log":65,"minecraft:spruce_door":2,"minecraft:spider_eye":1,"minecraft:rabbit_foot":1,"biomesoplenty:maple_sapling":2,"minecraft:rotten_flesh":6,"minecraft:oak_sapling":54,"minecraft:black_wool":1,"minecraft:mutton":8,"minecraft:coal":25,"minecraft:white_wool":4,"minecraft:cobblestone":367},"minecraft:broken":{"minecraft:stone_pickaxe":2,"minecraft:wooden_axe":3,"minecraft:wooden_pickaxe":1},"minecraft:used":{"minecraft:cooked_mutton":8,"minecraft:diorite":7,"minecraft:stone_sword":14,"minecraft:spruce_door":1,"minecraft:stone_pickaxe":472,"minecraft:oak_planks":28,"minecraft:chest":3,"minecraft:spruce_planks":68,"minecraft:wooden_pickaxe":59,"minecraft:fletching_table":1,"minecraft:blue_bed":1,"minecraft:sugar_cane":10,"minecraft:oak_door":6,"minecraft:torch":32,"minecraft:dirt":119,"minecraft:crafting_table":5,"minecraft:spruce_stairs":46,"minecraft:spruce_log":17,"minecraft:stripped_spruce_log":3,"minecraft:birch_door":2,"minecraft:wooden_axe":179,"minecraft:gravel":2,"minecraft:spruce_sapling":5,"minecraft:stone_axe":81,"minecraft:cobblestone":329,"minecraft:furnace":4,"tombstone:gift":2,"alexsmobs:animal_dictionary":5},"minecraft:dropped":{"minecraft:rotten_flesh":6,"minecraft:rabbit_foot":1,"minecraft:rabbit_hide":1,"tombstone:grave_key":1,"minecraft:wooden_axe":2,"minecraft:rabbit":1,"minecraft:spruce_log":1,"minecraft:stone_pickaxe":2},"minecraft:killed_by":{"minecraft:player":1,"minecraft:skeleton":4,"minecraft:spider":2},"minecraft:crafted":{"biomesoplenty:dead_planks":4,"minecraft:oak_planks":52,"minecraft:crafting_table":5,"minecraft:spruce_planks":96,"minecraft:wooden_pickaxe":1,"minecraft:furnace":4,"minecraft:birch_planks":8,"minecraft:stone_axe":2,"minecraft:cooked_mutton":8,"minecraft:spruce_stairs":88,"minecraft:charcoal":2,"minecraft:stick":8,"minecraft:stone_pickaxe":6,"minecraft:wooden_axe":3,"minecraft:stone_sword":1,"minecraft:chest":2,"minecraft:birch_door":3,"minecraft:torch":32},"minecraft:custom":{"minecraft:interact_with_furnace":5,"minecraft:mob_kills":8,"minecraft:interact_with_crafting_table":12,"minecraft:leave_game":3,"minecraft:time_since_death":2909,"minecraft:sleep_in_bed":3,"minecraft:time_since_rest":157,"minecraft:sprint_one_cm":160458,"minecraft:damage_taken":4230,"minecraft:walk_one_cm":512550,"minecraft:drop":15,"minecraft:damage_dealt":1256,"minecraft:swim_one_cm":1455,"minecraft:fly_one_cm":42152,"minecraft:open_chest":14,"minecraft:crouch_one_cm":2158,"minecraft:deaths":14,"minecraft:play_time":128529,"tombstone:undead_killed":1,"minecraft:sneak_time":2597,"minecraft:walk_under_water_one_cm":238332,"minecraft:jump":771,"minecraft:walk_on_water_one_cm":47144,"minecraft:total_world_time":128529,"minecraft:fall_one_cm":16181},"minecraft:mined":{"minecraft:spruce_planks":25,"minecraft:glass_pane":1,"minecraft:spruce_door":2,"minecraft:grass_block":21,"minecraft:chest":1,"minecraft:cobblestone":36,"minecraft:spruce_leaves":13,"minecraft:sugar_cane":1,"minecraft:diorite":8,"minecraft:wall_torch":5,"minecraft:blue_bed":1,"minecraft:spruce_stairs":2,"minecraft:stripped_spruce_wood":7,"minecraft:birch_log":19,"minecraft:iron_ore":3,"minecraft:spruce_log":66,"minecraft:birch_leaves":1,"minecraft:stripped_spruce_log":10,"minecraft:fletching_table":1,"minecraft:grass":6,"biomesoplenty:dead_log":2,"minecraft:coal_ore":25,"minecraft:oak_log":86,"minecraft:dirt_path":8,"minecraft:gravel":15,"minecraft:dirt":161,"minecraft:cobweb":1,"minecraft:stone":441,"minecraft:oak_leaves":6,"minecraft:spruce_slab":4},"minecraft:killed":{"minecraft:spider":1,"minecraft:sheep":5,"minecraft:zombie":1}},"DataVersion":3465}