{"stats":{"minecraft:killed_by":{"minecraft:player":1,"minecraft:skeleton":1},"minecraft:picked_up":{"minecraft:wooden_axe":2,"minecraft:stick":10,"minecraft:stripped_spruce_wood":1,"minecraft:stripped_spruce_log":9,"minecraft:spruce_sapling":5,"minecraft:spruce_log":18,"minecraft:dirt":10,"minecraft:spruce_door":2,"minecraft:rabbit_foot":1,"minecraft:blue_bed":1,"minecraft:rotten_flesh":6,"minecraft:rabbit_hide":1,"minecraft:spruce_planks":13,"minecraft:fletching_table":1,"minecraft:spruce_slab":1,"minecraft:rabbit":1},"minecraft:crafted":{"minecraft:spruce_stairs":4,"minecraft:charcoal":2,"minecraft:crafting_table":1,"minecraft:spruce_planks":80,"minecraft:wooden_axe":2,"minecraft:torch":8},"minecraft:broken":{"minecraft:wooden_axe":1},"minecraft:mined":{"minecraft:spruce_planks":25,"minecraft:glass_pane":1,"minecraft:stripped_spruce_wood":7,"minecraft:spruce_log":19,"minecraft:stripped_spruce_log":10,"minecraft:spruce_door":2,"minecraft:fletching_table":1,"minecraft:grass_block":3,"minecraft:dirt":7,"minecraft:spruce_leaves":7,"minecraft:spruce_slab":4,"minecraft:blue_bed":1},"minecraft:custom":{"minecraft:time_since_rest":5328,"minecraft:interact_with_furnace":1,"minecraft:sprint_one_cm":35998,"minecraft:damage_taken":480,"minecraft:walk_one_cm":158160,"minecraft:mob_kills":1,"minecraft:drop":12,"minecraft:damage_dealt":365,"minecraft:interact_with_crafting_table":3,"minecraft:fly_one_cm":11943,"minecraft:open_chest":5,"minecraft:crouch_one_cm":902,"minecraft:play_time":33399,"tombstone:undead_killed":1,"minecraft:deaths":2,"minecraft:sneak_time":107,"minecraft:jump":159,"minecraft:leave_game":3,"minecraft:time_since_death":9625,"minecraft:sleep_in_bed":1,"minecraft:total_world_time":33399,"minecraft:fall_one_cm":1689},"minecraft:used":{"minecraft:wooden_axe":57,"minecraft:spruce_door":1,"minecraft:spruce_planks":68,"minecraft:fletching_table":1,"minecraft:blue_bed":1,"minecraft:spruce_sapling":5,"minecraft:torch":1,"minecraft:dirt":10,"minecraft:crafting_table":1,"minecraft:spruce_stairs":2,"tombstone:gift":2,"alexsmobs:animal_dictionary":5,"minecraft:spruce_log":2,"minecraft:stripped_spruce_log":3},"minecraft:killed":{"minecraft:zombie":1},"minecraft:dropped":{"minecraft:rabbit_hide":1,"minecraft:wooden_axe":2,"minecraft:rabbit":1,"minecraft:rotten_flesh":6,"minecraft:spruce_log":1,"minecraft:rabbit_foot":1}},"DataVersion":3465}