{"stats":{"minecraft:picked_up":{"minecraft:wooden_axe":2,"minecraft:birch_log":7,"minecraft:stick":28,"minecraft:red_mushroom":1,"biomesoplenty:dead_log":2,"minecraft:oak_log":10,"minecraft:stripped_spruce_wood":1,"minecraft:stripped_spruce_log":9,"minecraft:spruce_sapling":25,"minecraft:spruce_log":62,"minecraft:spider_eye":1,"minecraft:dirt":30,"minecraft:spruce_door":2,"minecraft:rabbit_foot":1,"minecraft:blue_bed":1,"biomesoplenty:maple_sapling":2,"minecraft:rotten_flesh":6,"minecraft:spruce_planks":13,"minecraft:rabbit_hide":1,"minecraft:fletching_table":1,"minecraft:spruce_slab":1,"minecraft:rabbit":1},"minecraft:broken":{"minecraft:wooden_axe":2},"minecraft:used":{"minecraft:wooden_axe":156,"minecraft:spruce_door":1,"minecraft:spruce_planks":68,"minecraft:blue_bed":1,"minecraft:spruce_sapling":5,"minecraft:fletching_table":1,"minecraft:torch":1,"minecraft:dirt":14,"minecraft:crafting_table":2,"minecraft:spruce_stairs":5,"tombstone:gift":2,"alexsmobs:animal_dictionary":5,"minecraft:spruce_log":2,"minecraft:stripped_spruce_log":3},"minecraft:killed_by":{"minecraft:player":1,"minecraft:skeleton":1},"minecraft:crafted":{"minecraft:oak_planks":8,"minecraft:spruce_stairs":4,"minecraft:charcoal":2,"minecraft:crafting_table":2,"minecraft:spruce_planks":80,"minecraft:wooden_axe":3,"minecraft:torch":8},"minecraft:dropped":{"minecraft:rabbit_hide":1,"minecraft:rabbit":1,"minecraft:wooden_axe":2,"minecraft:rotten_flesh":6,"minecraft:spruce_log":1,"minecraft:rabbit_foot":1},"minecraft:custom":{"minecraft:time_since_rest":16807,"minecraft:interact_with_furnace":1,"minecraft:sprint_one_cm":90096,"minecraft:damage_taken":660,"minecraft:walk_one_cm":245014,"minecraft:mob_kills":2,"minecraft:drop":12,"minecraft:damage_dealt":594,"minecraft:interact_with_crafting_table":4,"minecraft:fly_one_cm":20962,"minecraft:open_chest":6,"minecraft:crouch_one_cm":1116,"minecraft:play_time":44878,"tombstone:undead_killed":1,"minecraft:deaths":2,"minecraft:sneak_time":136,"minecraft:jump":315,"minecraft:walk_on_water_one_cm":664,"minecraft:leave_game":3,"minecraft:time_since_death":21104,"minecraft:sleep_in_bed":1,"minecraft:total_world_time":44878,"minecraft:fall_one_cm":5166},"minecraft:mined":{"minecraft:spruce_planks":25,"minecraft:glass_pane":1,"minecraft:stripped_spruce_wood":7,"minecraft:birch_log":7,"minecraft:spruce_log":63,"minecraft:stripped_spruce_log":10,"minecraft:spruce_door":2,"minecraft:fletching_table":1,"biomesoplenty:dead_log":2,"minecraft:grass":1,"minecraft:oak_log":16,"minecraft:dirt_path":8,"minecraft:grass_block":15,"minecraft:dirt":12,"minecraft:spruce_leaves":13,"minecraft:oak_leaves":2,"minecraft:spruce_slab":4,"minecraft:blue_bed":1},"minecraft:killed":{"minecraft:zombie":1,"minecraft:spider":1}},"DataVersion":3465}