{"stats":{"minecraft:killed_by":{"minecraft:player":1,"minecraft:spider":2,"minecraft:skeleton":4,"minecraft:zombie":1},"minecraft:custom":{"minecraft:mob_kills":12,"minecraft:interact_with_crafting_table":23,"minecraft:leave_game":4,"minecraft:time_since_death":359,"minecraft:sprint_one_cm":216336,"minecraft:walk_one_cm":707644,"minecraft:drop":17,"minecraft:play_time":174585,"minecraft:deaths":16,"minecraft:sneak_time":5236,"minecraft:walk_under_water_one_cm":277600,"minecraft:jump":926,"minecraft:walk_on_water_one_cm":74704,"minecraft:total_world_time":174585,"minecraft:interact_with_furnace":6,"minecraft:sleep_in_bed":6,"minecraft:time_since_rest":1,"minecraft:damage_taken":4984,"minecraft:damage_dealt":2058,"minecraft:fly_one_cm":46517,"minecraft:swim_one_cm":4841,"minecraft:open_chest":16,"minecraft:crouch_one_cm":12084,"tombstone:undead_killed":5,"minecraft:fall_one_cm":25294},"minecraft:mined":{"minecraft:spruce_planks":25,"minecraft:cobblestone_stairs":4,"minecraft:granite":50,"minecraft:grass_block":24,"minecraft:spruce_leaves":13,"minecraft:iron_ore":3,"minecraft:andesite":10,"minecraft:stripped_spruce_log":10,"minecraft:fletching_table":1,"minecraft:dirt_path":8,"minecraft:stone":642,"minecraft:spruce_slab":4,"minecraft:glass_pane":1,"minecraft:spruce_door":2,"minecraft:torch":1,"minecraft:chest":1,"minecraft:cobblestone":39,"minecraft:sugar_cane":1,"minecraft:oak_planks":1,"minecraft:diorite":8,"minecraft:blue_bed":1,"minecraft:wall_torch":8,"minecraft:birch_sapling":2,"minecraft:spruce_stairs":2,"minecraft:birch_planks":3,"minecraft:stripped_spruce_wood":7,"minecraft:birch_log":77,"minecraft:spruce_log":66,"minecraft:birch_leaves":1,"minecraft:grass":12,"biomesoplenty:dead_log":2,"minecraft:coal_ore":84,"minecraft:oak_log":177,"minecraft:gravel":15,"minecraft:sand":30,"minecraft:dirt":168,"minecraft:cobweb":1,"minecraft:oak_leaves":23},"minecraft:crafted":{"minecraft:oak_planks":168,"minecraft:furnace":4,"minecraft:cobblestone_stairs":28,"minecraft:cooked_mutton":8,"minecraft:spruce_stairs":88,"minecraft:stone_pickaxe":6,"minecraft:chest":2,"minecraft:birch_door":6,"biomesoplenty:dead_planks":4,"minecraft:crafting_table":8,"minecraft:spruce_planks":96,"minecraft:wooden_pickaxe":1,"minecraft:iron_helmet":1,"minecraft:iron_sword":1,"minecraft:birch_planks":256,"minecraft:stone_axe":3,"minecraft:charcoal":2,"minecraft:birch_fence":6,"minecraft:stick":8,"minecraft:iron_pickaxe":1,"minecraft:wooden_axe":3,"minecraft:oak_stairs":16,"minecraft:stone_sword":1,"minecraft:torch":44,"minecraft:birch_stairs":12},"minecraft:dropped":{"minecraft:iron_ingot":18,"minecraft:stick":57,"tombstone:grave_key":1,"minecraft:wooden_axe":2,"minecraft:rabbit":1,"minecraft:rotten_flesh":6,"minecraft:rabbit_foot":1,"minecraft:rabbit_hide":1,"minecraft:spruce_log":1,"minecraft:stone_pickaxe":2},"minecraft:picked_up":{"minecraft:wooden_axe":2,"tombstone:grave_key":1,"minecraft:string":1,"minecraft:spruce_planks":13,"minecraft:spruce_slab":1,"minecraft:sugar_cane":10,"minecraft:chest":1,"minecraft:birch_sapling":21,"minecraft:stick":145,"minecraft:raw_iron":3,"minecraft:oak_door":24,"minecraft:torch":14,"minecraft:spruce_stairs":3,"tombstone:grave_dust":2,"minecraft:diorite":7,"minecraft:rabbit_foot":1,"minecraft:rotten_flesh":8,"minecraft:mutton":8,"minecraft:white_wool":4,"minecraft:cobblestone":530,"minecraft:birch_log":77,"minecraft:glow_ink_sac":1,"minecraft:andesite":8,"minecraft:red_mushroom":1,"biomesoplenty:dead_log":2,"minecraft:birch_planks":3,"minecraft:flint":2,"minecraft:stripped_spruce_wood":1,"minecraft:oak_log":165,"minecraft:cobblestone_stairs":4,"minecraft:blue_bed":1,"minecraft:dirt":176,"minecraft:apple":7,"minecraft:wheat_seeds":2,"minecraft:rabbit_hide":1,"minecraft:stone_pickaxe":5,"minecraft:iron_ingot":28,"minecraft:rabbit":1,"minecraft:fletching_table":1,"minecraft:oak_planks":1,"minecraft:gravel":13,"minecraft:sand":27,"minecraft:stripped_spruce_log":9,"minecraft:spruce_sapling":25,"minecraft:spruce_log":65,"minecraft:spider_eye":1,"minecraft:spruce_door":2,"biomesoplenty:maple_sapling":2,"minecraft:granite":43,"minecraft:oak_sapling":83,"minecraft:black_wool":1,"minecraft:coal":79},"minecraft:used":{"minecraft:stone_sword":34,"minecraft:spruce_planks":68,"minecraft:chest":3,"minecraft:oak_door":7,"minecraft:torch":48,"minecraft:dirt":162,"minecraft:spruce_stairs":46,"minecraft:stripped_spruce_log":3,"minecraft:birch_door":3,"minecraft:wooden_axe":179,"minecraft:oak_stairs":12,"minecraft:birch_sapling":20,"minecraft:furnace":4,"minecraft:oak_sapling":29,"tombstone:gift":2,"minecraft:cooked_mutton":8,"minecraft:diorite":7,"minecraft:cobblestone_stairs":27,"minecraft:spruce_door":1,"minecraft:birch_planks":200,"minecraft:stone_pickaxe":549,"minecraft:oak_planks":113,"minecraft:wooden_pickaxe":59,"minecraft:fletching_table":1,"minecraft:blue_bed":1,"minecraft:sugar_cane":10,"minecraft:crafting_table":8,"minecraft:spruce_log":17,"minecraft:birch_fence":4,"minecraft:oak_log":4,"minecraft:iron_pickaxe":250,"minecraft:spruce_sapling":5,"minecraft:gravel":2,"minecraft:stone_axe":281,"minecraft:cobblestone":417,"alexsmobs:animal_dictionary":5,"minecraft:birch_stairs":12},"minecraft:killed":{"minecraft:spider":1,"minecraft:sheep":5,"minecraft:zombie":5},"minecraft:broken":{"minecraft:wooden_pickaxe":1,"minecraft:stone_pickaxe":7,"minecraft:stone_axe":1,"minecraft:iron_pickaxe":1,"minecraft:wooden_axe":3}},"DataVersion":3465}