{"stats":{"minecraft:killed":{"minecraft:spider":1,"minecraft:sheep":5,"minecraft:zombie":5},"minecraft:mined":{"minecraft:spruce_planks":25,"minecraft:oak_sapling":2,"minecraft:cobblestone_stairs":8,"minecraft:granite":50,"minecraft:grass_block":79,"minecraft:spruce_leaves":13,"minecraft:iron_ore":3,"minecraft:andesite":10,"minecraft:stripped_spruce_log":10,"minecraft:fletching_table":1,"minecraft:dirt_path":8,"minecraft:oak_stairs":6,"minecraft:stone":646,"minecraft:spruce_slab":4,"minecraft:glass_pane":1,"minecraft:spruce_door":2,"minecraft:torch":1,"minecraft:chest":1,"minecraft:cobblestone":39,"minecraft:sugar_cane":1,"minecraft:oak_planks":41,"minecraft:diorite":8,"minecraft:blue_bed":3,"minecraft:wall_torch":8,"minecraft:birch_sapling":3,"minecraft:spruce_stairs":2,"minecraft:birch_planks":19,"minecraft:stripped_spruce_wood":7,"minecraft:birch_log":288,"minecraft:spruce_log":66,"minecraft:birch_leaves":1,"minecraft:birch_door":2,"minecraft:grass":14,"biomesoplenty:dead_log":2,"minecraft:oak_log":320,"minecraft:coal_ore":84,"minecraft:gravel":15,"minecraft:sand":81,"minecraft:dirt":252,"minecraft:cobweb":1,"minecraft:oak_leaves":39,"minecraft:birch_fence":4},"minecraft:used":{"minecraft:oak_fence":12,"minecraft:stone_sword":35,"minecraft:stone_shovel":141,"minecraft:chest":3,"minecraft:spruce_planks":68,"minecraft:oak_door":7,"minecraft:torch":79,"minecraft:dirt":176,"minecraft:spruce_stairs":46,"minecraft:granite":43,"minecraft:stripped_spruce_log":3,"minecraft:birch_door":7,"minecraft:glass":50,"minecraft:wooden_axe":179,"minecraft:oak_stairs":50,"minecraft:birch_sapling":66,"minecraft:oak_sapling":43,"minecraft:furnace":6,"tombstone:gift":2,"minecraft:cooked_mutton":8,"minecraft:diorite":7,"minecraft:cobblestone_stairs":55,"minecraft:spruce_door":1,"minecraft:birch_planks":423,"minecraft:stone_pickaxe":557,"minecraft:oak_planks":476,"minecraft:wooden_pickaxe":59,"minecraft:cobblestone_slab":30,"minecraft:sugar_cane":10,"minecraft:blue_bed":2,"minecraft:fletching_table":1,"minecraft:crafting_table":9,"minecraft:campfire":2,"minecraft:spruce_log":17,"minecraft:birch_fence":55,"minecraft:oak_log":44,"minecraft:apple":2,"minecraft:bread":1,"minecraft:iron_pickaxe":250,"minecraft:spruce_sapling":5,"minecraft:gravel":2,"minecraft:stone_axe":750,"minecraft:cobblestone":488,"minecraft:andesite":8,"minecraft:birch_log":96,"alexsmobs:animal_dictionary":5,"minecraft:birch_stairs":12},"minecraft:picked_up":{"minecraft:wooden_axe":2,"minecraft:birch_door":2,"minecraft:wheat":3,"minecraft:oak_stairs":6,"tombstone:grave_key":1,"minecraft:string":1,"minecraft:birch_fence":4,"minecraft:spruce_planks":13,"minecraft:spruce_slab":1,"minecraft:sugar_cane":10,"minecraft:chest":1,"minecraft:birch_sapling":67,"minecraft:stick":189,"minecraft:raw_iron":3,"minecraft:stone":13,"minecraft:oak_door":24,"minecraft:torch":14,"minecraft:spruce_stairs":3,"minecraft:porkchop":6,"tombstone:grave_dust":2,"minecraft:diorite":7,"minecraft:rabbit_foot":1,"minecraft:rotten_flesh":11,"minecraft:mutton":8,"minecraft:white_wool":4,"minecraft:cobblestone":597,"minecraft:birch_log":286,"minecraft:glow_ink_sac":1,"minecraft:andesite":8,"minecraft:red_mushroom":1,"biomesoplenty:dead_log":2,"minecraft:birch_planks":19,"minecraft:flint":2,"minecraft:stripped_spruce_wood":1,"minecraft:oak_log":280,"minecraft:cobblestone_stairs":7,"minecraft:dirt":312,"minecraft:blue_bed":2,"minecraft:apple":8,"minecraft:wheat_seeds":3,"minecraft:rabbit_hide":1,"minecraft:iron_ingot":28,"minecraft:stone_pickaxe":5,"minecraft:fletching_table":1,"minecraft:rabbit":1,"minecraft:oak_planks":38,"minecraft:gravel":13,"minecraft:sand":78,"minecraft:stripped_spruce_log":9,"minecraft:spruce_sapling":25,"minecraft:spruce_log":65,"minecraft:spruce_door":2,"minecraft:spider_eye":1,"biomesoplenty:maple_sapling":2,"minecraft:granite":43,"minecraft:bread":1,"minecraft:oak_sapling":100,"minecraft:black_wool":1,"minecraft:coal":79},"minecraft:broken":{"minecraft:wooden_pickaxe":1,"minecraft:stone_pickaxe":7,"minecraft:stone_axe":5,"minecraft:iron_pickaxe":1,"minecraft:wooden_axe":3},"minecraft:killed_by":{"minecraft:player":1,"minecraft:spider":2,"minecraft:skeleton":4,"minecraft:zombie":1},"minecraft:dropped":{"minecraft:iron_ingot":18,"minecraft:bread":1,"minecraft:porkchop":3,"minecraft:oak_log":21,"minecraft:oak_fence":9,"minecraft:stick":57,"minecraft:birch_fence":12,"tombstone:grave_key":1,"minecraft:wooden_axe":2,"minecraft:rabbit":1,"minecraft:birch_log":53,"minecraft:rotten_flesh":6,"minecraft:oak_planks":2,"minecraft:rabbit_foot":1,"minecraft:rabbit_hide":1,"minecraft:stone":13,"minecraft:spruce_log":1,"minecraft:stone_pickaxe":2,"minecraft:glass":1},"minecraft:crafted":{"minecraft:oak_planks":582,"minecraft:cobblestone_slab":30,"minecraft:stone_shovel":2,"minecraft:furnace":6,"minecraft:cobblestone_stairs":48,"minecraft:cooked_mutton":8,"minecraft:glass":51,"minecraft:spruce_stairs":88,"minecraft:stone_pickaxe":7,"minecraft:chest":2,"minecraft:birch_door":6,"minecraft:oak_fence":21,"biomesoplenty:dead_planks":4,"minecraft:crafting_table":9,"minecraft:spruce_planks":96,"minecraft:wooden_pickaxe":1,"minecraft:iron_helmet":1,"minecraft:iron_sword":1,"minecraft:birch_planks":520,"minecraft:campfire":2,"minecraft:stone_axe":6,"minecraft:bread":1,"minecraft:charcoal":2,"minecraft:birch_fence":63,"minecraft:stick":36,"minecraft:iron_pickaxe":1,"minecraft:oak_stairs":44,"minecraft:wooden_axe":3,"minecraft:stone_sword":1,"minecraft:torch":72,"minecraft:birch_stairs":12},"minecraft:custom":{"minecraft:mob_kills":12,"minecraft:interact_with_crafting_table":50,"minecraft:leave_game":6,"minecraft:time_since_death":28494,"minecraft:sprint_one_cm":374496,"minecraft:walk_one_cm":1109284,"minecraft:drop":51,"minecraft:play_time":264701,"minecraft:deaths":18,"minecraft:sneak_time":10095,"minecraft:walk_under_water_one_cm":291717,"minecraft:jump":1282,"minecraft:walk_on_water_one_cm":82354,"minecraft:total_world_time":264701,"minecraft:interact_with_furnace":15,"minecraft:sleep_in_bed":17,"minecraft:time_since_rest":3925,"minecraft:damage_taken":5586,"minecraft:damage_dealt":2098,"minecraft:swim_one_cm":4841,"minecraft:fly_one_cm":53206,"minecraft:open_chest":16,"minecraft:crouch_one_cm":26856,"tombstone:undead_killed":5,"minecraft:fall_one_cm":41138}},"DataVersion":3465}