{"stats":{"minecraft:killed_by":{"minecraft:player":1,"minecraft:skeleton":4,"minecraft:spider":2},"minecraft:custom":{"minecraft:interact_with_furnace":6,"minecraft:mob_kills":8,"minecraft:interact_with_crafting_table":21,"minecraft:leave_game":3,"minecraft:time_since_death":31896,"minecraft:sleep_in_bed":5,"minecraft:time_since_rest":5799,"minecraft:sprint_one_cm":201221,"minecraft:damage_taken":4300,"minecraft:walk_one_cm":624860,"minecraft:drop":17,"minecraft:damage_dealt":1266,"minecraft:swim_one_cm":4841,"minecraft:fly_one_cm":45332,"minecraft:open_chest":16,"minecraft:crouch_one_cm":11652,"minecraft:play_time":157516,"tombstone:undead_killed":1,"minecraft:deaths":14,"minecraft:sneak_time":5004,"minecraft:walk_under_water_one_cm":275190,"minecraft:jump":901,"minecraft:walk_on_water_one_cm":67344,"minecraft:total_world_time":157516,"minecraft:fall_one_cm":21102},"minecraft:mined":{"minecraft:spruce_planks":25,"minecraft:glass_pane":1,"minecraft:cobblestone_stairs":4,"minecraft:spruce_door":2,"minecraft:grass_block":24,"minecraft:chest":1,"minecraft:cobblestone":38,"minecraft:oak_planks":1,"minecraft:spruce_leaves":13,"minecraft:sugar_cane":1,"minecraft:wall_torch":5,"minecraft:diorite":8,"minecraft:blue_bed":1,"minecraft:birch_sapling":1,"minecraft:spruce_stairs":2,"minecraft:birch_planks":3,"minecraft:stripped_spruce_wood":7,"minecraft:birch_log":65,"minecraft:iron_ore":3,"minecraft:spruce_log":66,"minecraft:birch_leaves":1,"minecraft:stripped_spruce_log":10,"minecraft:fletching_table":1,"minecraft:grass":9,"biomesoplenty:dead_log":2,"minecraft:oak_log":121,"minecraft:coal_ore":25,"minecraft:dirt_path":8,"minecraft:sand":30,"minecraft:gravel":15,"minecraft:dirt":168,"minecraft:cobweb":1,"minecraft:stone":441,"minecraft:oak_leaves":15,"minecraft:spruce_slab":4},"minecraft:crafted":{"biomesoplenty:dead_planks":4,"minecraft:oak_planks":168,"minecraft:crafting_table":7,"minecraft:spruce_planks":96,"minecraft:iron_helmet":1,"minecraft:wooden_pickaxe":1,"minecraft:iron_sword":1,"minecraft:furnace":4,"minecraft:cobblestone_stairs":28,"minecraft:birch_planks":256,"minecraft:stone_axe":3,"minecraft:cooked_mutton":8,"minecraft:spruce_stairs":88,"minecraft:charcoal":2,"minecraft:birch_fence":6,"minecraft:stick":8,"minecraft:oak_stairs":8,"minecraft:iron_pickaxe":1,"minecraft:stone_pickaxe":6,"minecraft:wooden_axe":3,"minecraft:stone_sword":1,"minecraft:chest":2,"minecraft:birch_door":3,"minecraft:torch":32,"minecraft:birch_stairs":12},"minecraft:dropped":{"minecraft:iron_ingot":18,"minecraft:rotten_flesh":6,"minecraft:rabbit_foot":1,"minecraft:stick":57,"minecraft:rabbit_hide":1,"tombstone:grave_key":1,"minecraft:wooden_axe":2,"minecraft:rabbit":1,"minecraft:spruce_log":1,"minecraft:stone_pickaxe":2},"minecraft:picked_up":{"minecraft:wooden_axe":2,"minecraft:birch_log":65,"minecraft:glow_ink_sac":1,"minecraft:red_mushroom":1,"biomesoplenty:dead_log":2,"minecraft:birch_planks":3,"minecraft:flint":2,"minecraft:stripped_spruce_wood":1,"minecraft:oak_log":110,"tombstone:grave_key":1,"minecraft:cobblestone_stairs":4,"minecraft:dirt":160,"minecraft:blue_bed":1,"minecraft:string":1,"minecraft:apple":7,"minecraft:wheat_seeds":2,"minecraft:rabbit_hide":1,"minecraft:spruce_planks":13,"minecraft:iron_ingot":28,"minecraft:stone_pickaxe":1,"minecraft:oak_planks":1,"minecraft:spruce_slab":1,"minecraft:fletching_table":1,"minecraft:rabbit":1,"minecraft:sugar_cane":10,"minecraft:chest":1,"minecraft:birch_sapling":18,"minecraft:stick":136,"minecraft:raw_iron":3,"minecraft:oak_door":24,"minecraft:torch":10,"minecraft:spruce_stairs":3,"minecraft:gravel":13,"minecraft:sand":27,"minecraft:stripped_spruce_log":9,"minecraft:spruce_sapling":25,"minecraft:diorite":7,"minecraft:spruce_log":65,"minecraft:spruce_door":2,"minecraft:spider_eye":1,"minecraft:rabbit_foot":1,"biomesoplenty:maple_sapling":2,"minecraft:rotten_flesh":6,"minecraft:oak_sapling":75,"minecraft:black_wool":1,"minecraft:mutton":8,"minecraft:coal":25,"minecraft:white_wool":4,"minecraft:cobblestone":369},"minecraft:used":{"minecraft:cooked_mutton":8,"minecraft:diorite":7,"minecraft:stone_sword":14,"minecraft:cobblestone_stairs":27,"minecraft:spruce_door":1,"minecraft:birch_planks":200,"minecraft:stone_pickaxe":477,"minecraft:oak_planks":113,"minecraft:chest":3,"minecraft:spruce_planks":68,"minecraft:wooden_pickaxe":59,"minecraft:sugar_cane":10,"minecraft:blue_bed":1,"minecraft:fletching_table":1,"minecraft:oak_door":7,"minecraft:torch":32,"minecraft:dirt":160,"minecraft:crafting_table":7,"minecraft:spruce_stairs":46,"minecraft:spruce_log":17,"minecraft:stripped_spruce_log":3,"minecraft:birch_fence":4,"minecraft:oak_log":4,"minecraft:birch_door":2,"minecraft:wooden_axe":179,"minecraft:iron_pickaxe":1,"minecraft:birch_sapling":17,"minecraft:spruce_sapling":5,"minecraft:gravel":2,"minecraft:stone_axe":189,"minecraft:cobblestone":391,"minecraft:oak_sapling":21,"minecraft:furnace":4,"tombstone:gift":2,"alexsmobs:animal_dictionary":5,"minecraft:birch_stairs":12},"minecraft:killed":{"minecraft:spider":1,"minecraft:sheep":5,"minecraft:zombie":1},"minecraft:broken":{"minecraft:stone_pickaxe":2,"minecraft:stone_axe":1,"minecraft:wooden_axe":3,"minecraft:wooden_pickaxe":1}},"DataVersion":3465}