{
  "minecraft:recipes/decorations/crafting_table": {
    "criteria": {
      "unlock_right_away": "2024-07-15 16:45:10 +0000"
    },
    "done": true
  },
  "minecraft:adventure/adventuring_time": {
    "criteria": {
      "minecraft:snowy_plains": "2024-07-15 16:45:33 +0000",
      "minecraft:snowy_taiga": "2024-07-15 16:45:11 +0000"
    },
    "done": false
  },
  "tombstone:adventure/root": {
    "criteria": {
      "auto": "2024-07-15 16:45:11 +0000"
    },
    "done": true
  },
  "tombstone:recipes/from_grave_key": {
    "criteria": {
      "has_ingredient": "2024-07-15 16:51:19 +0000"
    },
    "done": true
  },
  "biomesoplenty:biomesoplenty/all_biomes": {
    "criteria": {
      "tundra": "2024-07-15 16:51:03 +0000"
    },
    "done": false
  },
  "tombstone:adventure/first_grave": {
    "criteria": {
      "coded_trigger": "2024-07-15 16:51:11 +0000"
    },
    "done": true
  },
  "biomesoplenty:biomesoplenty/root": {
    "criteria": {
      "tundra": "2024-07-15 16:51:03 +0000"
    },
    "done": true
  },
  "mca:root": {
    "criteria": {
      "village_snowy": "2024-07-15 16:51:29 +0000"
    },
    "done": true
  },
  "DataVersion": 3465
}